Date,PlantID,Allocated_MWh,Imbalance_MWh,ImbalanceCost_EUR
2026-01-01,SKK01,2384.42,1.32,70.21
2026-01-01,SKK02,3343.2,-2.88,153.2
2026-01-01,SKK03,1539.42,-1.37,72.87
2026-01-01,SKK04,2907.28,2.6,138.3
2026-01-01,SKK05,1895.46,0.13,6.92
2026-01-02,SKK01,2444.61,-2.14,115.9
2026-01-02,SKK02,3433.58,-5.69,308.16
2026-01-02,SKK03,1532.85,3.51,190.1
2026-01-02,SKK04,2917.54,-6.59,356.91
2026-01-02,SKK05,1955.88,-2.12,114.82
2026-01-03,SKK01,2354.0,0.2,9.81
2026-01-03,SKK02,3283.08,-2.37,116.26
2026-01-03,SKK03,1440.92,4.29,210.44
2026-01-03,SKK04,2779.07,3.4,166.78
2026-01-03,SKK05,1834.7,0.67,32.87
2026-01-04,SKK01,2323.9,-5.79,288.61
2026-01-04,SKK02,3224.38,-1.79,89.22
2026-01-04,SKK03,1463.17,1.13,56.33
2026-01-04,SKK04,2799.63,1.34,66.79
2026-01-04,SKK05,1860.01,-0.94,46.86
2026-01-05,SKK01,2380.77,0.68,37.37
2026-01-05,SKK02,3394.41,1.67,91.79
2026-01-05,SKK03,1561.5,-1.47,80.79
2026-01-05,SKK04,2937.04,4.28,235.24
2026-01-05,SKK05,1973.87,6.28,345.16
2026-01-06,SKK01,2476.12,-0.3,16.34
2026-01-06,SKK02,3360.81,3.01,163.94
2026-01-06,SKK03,1543.69,1.47,80.06
2026-01-06,SKK04,2883.59,2.87,156.31
2026-01-06,SKK05,1914.02,-1.99,108.38
2026-01-07,SKK01,2499.27,0.93,51.89
2026-01-07,SKK02,3429.33,-4.26,237.71
2026-01-07,SKK03,1545.24,0.88,49.1
2026-01-07,SKK04,2956.07,-1.46,81.47
2026-01-07,SKK05,1941.49,1.59,88.72
2026-01-08,SKK01,2358.51,-0.03,1.64
2026-01-08,SKK02,3347.24,2.26,123.42
2026-01-08,SKK03,1500.03,1.94,105.94
2026-01-08,SKK04,2895.99,2.39,130.52
2026-01-08,SKK05,1932.22,0.4,21.84
2026-01-09,SKK01,2461.47,-2.41,131.84
2026-01-09,SKK02,3380.34,-0.94,51.42
2026-01-09,SKK03,1565.08,0.75,41.03
2026-01-09,SKK04,2983.08,1.34,73.31
2026-01-09,SKK05,1935.73,2.41,131.84
2026-01-10,SKK01,2323.92,3.52,173.32
2026-01-10,SKK02,3206.95,3.23,159.04
2026-01-10,SKK03,1474.28,1.73,85.18
2026-01-10,SKK04,2756.03,5.5,270.81
2026-01-10,SKK05,1852.34,-2.39,117.68
2026-01-11,SKK01,2313.75,3.3,157.63
2026-01-11,SKK02,3235.4,2.91,139.0
2026-01-11,SKK03,1422.79,-0.44,21.02
2026-01-11,SKK04,2781.28,-3.55,169.58
2026-01-11,SKK05,1870.28,2.57,122.76
2026-01-12,SKK01,2427.22,2.93,158.14
2026-01-12,SKK02,3380.58,0.07,3.78
2026-01-12,SKK03,1550.48,1.01,54.51
2026-01-12,SKK04,2850.13,2.68,144.65
2026-01-12,SKK05,1933.98,-3.11,167.85
2026-01-13,SKK01,2407.05,-2.03,113.3
2026-01-13,SKK02,3432.21,2.2,122.78
2026-01-13,SKK03,1540.88,-0.08,4.46
2026-01-13,SKK04,2934.16,-3.05,170.22
2026-01-13,SKK05,1958.95,-1.82,101.58
2026-01-14,SKK01,2423.29,3.69,197.28
2026-01-14,SKK02,3344.14,-0.35,18.71
2026-01-14,SKK03,1518.01,0.55,29.4
2026-01-14,SKK04,2827.35,1.09,58.27
2026-01-14,SKK05,1901.27,-3.33,178.03
2026-01-15,SKK01,2365.43,1.33,71.22
2026-01-15,SKK02,3404.2,-1.64,87.82
2026-01-15,SKK03,1559.22,-4.11,220.08
2026-01-15,SKK04,2908.07,-3.57,191.16
2026-01-15,SKK05,1954.9,-1.44,77.11
2026-01-16,SKK01,2422.02,1.1,59.65
2026-01-16,SKK02,3313.0,-2.19,118.76
2026-01-16,SKK03,1564.91,2.2,119.3
2026-01-16,SKK04,2911.24,1.62,87.85
2026-01-16,SKK05,1933.7,0.0,0.0
2026-01-17,SKK01,2340.61,-4.36,218.82
2026-01-17,SKK02,3250.03,5.6,281.05
2026-01-17,SKK03,1453.6,2.16,108.41
2026-01-17,SKK04,2837.67,5.21,261.48
2026-01-17,SKK05,1848.3,1.58,79.3
2026-01-18,SKK01,2344.88,2.09,105.07
2026-01-18,SKK02,3272.32,-1.75,87.97
2026-01-18,SKK03,1480.58,0.56,28.15
2026-01-18,SKK04,2818.68,-0.31,15.58
2026-01-18,SKK05,1889.82,-1.06,53.29
2026-01-19,SKK01,2438.25,-1.92,108.39
2026-01-19,SKK02,3473.03,56.26,3175.97
2026-01-19,SKK03,1517.56,2.64,149.03
2026-01-19,SKK04,2894.7,-1.5,84.68
2026-01-19,SKK05,1976.86,1.09,61.53
2026-01-20,SKK01,2385.76,0.01,0.55
2026-01-20,SKK02,3370.89,-0.33,18.02
2026-01-20,SKK03,1565.32,-5.04,275.27
2026-01-20,SKK04,2912.27,-1.45,79.2
2026-01-20,SKK05,1919.4,5.46,298.21
2026-01-21,SKK01,2435.95,2.83,155.02
2026-01-21,SKK02,3401.27,0.33,18.08
2026-01-21,SKK03,1538.31,2.0,109.55
2026-01-21,SKK04,2893.83,-2.94,161.04
2026-01-21,SKK05,1967.26,0.79,43.27
2026-01-22,SKK01,2437.0,4.68,263.29
2026-01-22,SKK02,3422.19,-3.97,223.34
2026-01-22,SKK03,1523.79,1.64,92.26
2026-01-22,SKK04,2955.91,-0.95,53.44
2026-01-22,SKK05,1997.5,-1.3,73.13
2026-01-23,SKK01,2375.89,-7.38,406.3
2026-01-23,SKK02,3402.06,5.65,311.05
2026-01-23,SKK03,1546.58,1.2,66.06
2026-01-23,SKK04,2907.94,-0.38,20.92
2026-01-23,SKK05,1946.68,-0.51,28.08
2026-01-24,SKK01,2392.87,3.18,162.38
2026-01-24,SKK02,3339.64,-2.91,148.6
2026-01-24,SKK03,1458.36,1.89,96.51
2026-01-24,SKK04,2794.85,4.62,235.91
2026-01-24,SKK05,1899.83,-0.42,21.45
2026-01-25,SKK01,2328.3,-0.15,7.38
2026-01-25,SKK02,3249.74,1.53,75.23
2026-01-25,SKK03,1492.46,-1.71,84.08
2026-01-25,SKK04,2775.95,-2.56,125.87
2026-01-25,SKK05,1859.33,-1.15,56.54
2026-01-26,SKK01,2443.35,0.36,19.48
2026-01-26,SKK02,3350.62,-1.74,94.15
2026-01-26,SKK03,1592.32,3.76,203.46
2026-01-26,SKK04,2898.29,-0.32,17.32
2026-01-26,SKK05,1896.83,-5.11,276.5
2026-01-27,SKK01,2415.44,-2.51,137.3
2026-01-27,SKK02,3421.2,1.67,91.35
2026-01-27,SKK03,1563.1,-0.58,31.73
2026-01-27,SKK04,2877.14,1.61,88.07
2026-01-27,SKK05,1965.0,4.71,257.65
2026-01-28,SKK01,2416.11,5.27,288.38
2026-01-28,SKK02,3374.36,-6.51,356.24
2026-01-28,SKK03,1498.16,-1.81,99.05
2026-01-28,SKK04,2871.35,-5.28,288.93
2026-01-28,SKK05,1943.55,-0.43,23.53
2026-01-29,SKK01,2413.57,2.0,107.7
2026-01-29,SKK02,3372.97,-2.67,143.78
2026-01-29,SKK03,1507.57,0.37,19.92
2026-01-29,SKK04,2894.55,1.71,92.08
2026-01-29,SKK05,1914.04,1.01,54.39
2026-01-30,SKK01,2435.84,-3.7,206.36
2026-01-30,SKK02,3376.94,-1.15,64.14
2026-01-30,SKK03,1565.15,-0.74,41.27
2026-01-30,SKK04,2938.3,1.12,62.47
2026-01-30,SKK05,1947.9,0.31,17.29
2026-01-31,SKK01,2358.73,3.75,188.94
2026-01-31,SKK02,3241.11,0.02,1.01
2026-01-31,SKK03,1524.36,-3.97,200.02
2026-01-31,SKK04,2813.32,-1.48,74.57
2026-01-31,SKK05,1876.39,-2.88,145.1
2026-02-01,SKK01,2355.17,1.47,74.29
2026-02-01,SKK02,3329.0,-4.59,231.96
2026-02-01,SKK03,1487.58,1.26,63.67
2026-02-01,SKK04,2834.06,7.32,369.92
2026-02-01,SKK05,1838.11,-1.84,92.99
2026-02-02,SKK01,2403.42,0.73,39.11
2026-02-02,SKK02,3359.03,-0.62,33.22
2026-02-02,SKK03,1559.07,-0.29,15.54
2026-02-02,SKK04,2843.66,-5.14,275.41
2026-02-02,SKK05,1912.41,0.99,53.05
2026-02-03,SKK01,2397.82,-1.47,80.19
2026-02-03,SKK02,3359.05,-1.2,65.46
2026-02-03,SKK03,1562.68,2.37,129.29
2026-02-03,SKK04,2875.93,0.26,14.18
2026-02-03,SKK05,1939.95,4.98,271.67
2026-02-04,SKK01,2458.76,-1.79,99.55
2026-02-04,SKK02,3460.97,4.3,239.15
2026-02-04,SKK03,1576.65,2.44,135.7
2026-02-04,SKK04,2926.49,-3.03,168.52
2026-02-04,SKK05,1972.5,1.61,89.54
2026-02-05,SKK01,2398.55,3.05,167.69
2026-02-05,SKK02,3365.18,-6.48,356.27
2026-02-05,SKK03,1528.9,1.59,87.42
2026-02-05,SKK04,2868.79,3.9,214.42
2026-02-05,SKK05,1946.34,3.04,167.14
2026-02-06,SKK01,2438.7,2.1,115.83
2026-02-06,SKK02,3424.24,-1.19,65.63
2026-02-06,SKK03,1507.9,1.06,58.46
2026-02-06,SKK04,2886.68,0.48,26.47
2026-02-06,SKK05,1978.23,3.56,196.35
2026-02-07,SKK01,2296.01,-2.77,131.58
2026-02-07,SKK02,3236.62,-2.34,111.16
2026-02-07,SKK03,1446.03,-3.09,146.79
2026-02-07,SKK04,2773.17,0.19,9.03
2026-02-07,SKK05,1844.83,0.31,14.73
2026-02-08,SKK01,2351.94,-0.17,8.45
2026-02-08,SKK02,3242.83,2.17,107.91
2026-02-08,SKK03,1434.31,3.34,166.09
2026-02-08,SKK04,2849.08,-0.09,4.48
2026-02-08,SKK05,1859.19,-1.06,52.71
2026-02-09,SKK01,2393.25,1.09,59.0
2026-02-09,SKK02,3377.59,-0.86,46.55
2026-02-09,SKK03,1548.66,-4.5,243.57
2026-02-09,SKK04,2915.94,-1.13,61.16
2026-02-09,SKK05,1946.8,1.22,66.03
2026-02-10,SKK01,2408.7,1.25,68.47
2026-02-10,SKK02,3395.43,0.47,25.75
2026-02-10,SKK03,1546.96,-0.05,2.74
2026-02-10,SKK04,2910.22,0.55,30.13
2026-02-10,SKK05,1985.18,2.34,128.18
2026-02-11,SKK01,2407.95,0.56,30.32
2026-02-11,SKK02,3337.82,2.87,155.37
2026-02-11,SKK03,1538.07,-0.35,18.95
2026-02-11,SKK04,2912.59,2.18,118.02
2026-02-11,SKK05,1944.98,1.59,86.08
2026-02-12,SKK01,2372.19,-3.3,179.15
2026-02-12,SKK02,3420.02,-3.7,200.87
2026-02-12,SKK03,1551.63,0.15,8.14
2026-02-12,SKK04,2918.56,4.12,223.67
2026-02-12,SKK05,1938.24,-3.98,216.07
2026-02-13,SKK01,2433.33,-0.82,44.07
2026-02-13,SKK02,3330.96,1.07,57.51
2026-02-13,SKK03,1540.62,0.21,11.29
2026-02-13,SKK04,2883.4,-3.81,204.77
2026-02-13,SKK05,1911.72,1.87,100.5
2026-02-14,SKK01,2302.63,-0.3,14.73
2026-02-14,SKK02,3290.64,3.24,159.05
2026-02-14,SKK03,1439.41,-2.3,112.91
2026-02-14,SKK04,2792.07,-2.22,108.98
2026-02-14,SKK05,1885.81,-0.23,11.29
2026-02-15,SKK01,2317.96,-3.4,168.43
2026-02-15,SKK02,3267.2,-5.48,271.47
2026-02-15,SKK03,1465.83,2.23,110.47
2026-02-15,SKK04,2788.89,-1.34,66.38
2026-02-15,SKK05,1857.68,2.17,107.5
2026-02-16,SKK01,2414.3,2.27,122.46
2026-02-16,SKK02,3350.7,6.27,338.25
2026-02-16,SKK03,1489.89,4.01,216.33
2026-02-16,SKK04,2892.92,-193.27,10426.51
2026-02-16,SKK05,1931.13,-1.2,64.74
2026-02-17,SKK01,2410.36,-0.15,8.14
2026-02-17,SKK02,3417.88,-1.32,71.67
2026-02-17,SKK03,1518.85,0.4,21.72
2026-02-17,SKK04,2915.4,0.45,24.43
2026-02-17,SKK05,1927.1,-0.17,9.23
2026-02-18,SKK01,2442.48,-1.72,96.04
2026-02-18,SKK02,3435.59,2.72,151.88
2026-02-18,SKK03,1540.07,0.44,24.57
2026-02-18,SKK04,2940.56,0.18,10.05
2026-02-18,SKK05,1951.86,1.05,58.63
2026-02-19,SKK01,2347.42,1.29,67.77
2026-02-19,SKK02,3366.0,-2.08,109.27
2026-02-19,SKK03,1517.71,0.9,47.28
2026-02-19,SKK04,2846.66,2.64,138.68
2026-02-19,SKK05,1884.02,2.17,113.99
2026-02-20,SKK01,2413.93,-5.07,279.2
2026-02-20,SKK02,3387.76,44.35,2442.35
2026-02-20,SKK03,1533.3,-4.89,269.29
2026-02-20,SKK04,2889.98,-2.71,149.24
2026-02-20,SKK05,1942.17,-5.31,292.42
2026-02-21,SKK01,2326.0,-2.86,141.63
2026-02-21,SKK02,3253.6,2.96,146.59
2026-02-21,SKK03,1472.8,-0.5,24.76
2026-02-21,SKK04,2766.21,-2.08,103.01
2026-02-21,SKK05,1860.91,-0.36,17.83
2026-02-22,SKK01,2323.69,2.98,149.18
2026-02-22,SKK02,3315.48,-1.55,77.59
2026-02-22,SKK03,1469.59,0.67,33.54
2026-02-22,SKK04,2771.5,3.23,161.69
2026-02-22,SKK05,1833.81,-0.89,44.55
2026-02-23,SKK01,2438.13,1.66,90.94
2026-02-23,SKK02,3401.01,-5.28,289.25
2026-02-23,SKK03,1547.98,-2.19,119.97
2026-02-23,SKK04,2885.94,0.34,18.63
2026-02-23,SKK05,1927.96,1.44,78.88
2026-02-24,SKK01,2417.21,2.54,139.77
2026-02-24,SKK02,3389.56,-0.96,52.83
2026-02-24,SKK03,1502.84,-0.17,9.35
2026-02-24,SKK04,2928.86,1.31,72.09
2026-02-24,SKK05,1945.15,-0.7,38.52
2026-02-25,SKK01,2429.04,-3.47,186.6
2026-02-25,SKK02,3315.38,2.51,134.98
2026-02-25,SKK03,1516.89,-1.36,73.13
2026-02-25,SKK04,2918.26,-4.05,217.79
2026-02-25,SKK05,1915.48,-1.22,65.61
2026-02-26,SKK01,2485.56,-0.59,33.58
2026-02-26,SKK02,3451.1,0.86,48.94
2026-02-26,SKK03,1562.05,3.15,179.27
2026-02-26,SKK04,2952.26,-1.18,67.15
2026-02-26,SKK05,1984.39,-4.81,273.74
2026-02-27,SKK01,2399.26,-3.08,166.71
2026-02-27,SKK02,3413.47,-0.35,18.94
2026-02-27,SKK03,1588.57,-0.24,12.99
2026-02-27,SKK04,2917.96,-2.05,110.96
2026-02-27,SKK05,1934.25,0.6,32.48
2026-02-28,SKK01,2302.98,5.59,276.27
2026-02-28,SKK02,3262.33,2.78,137.39
2026-02-28,SKK03,1470.05,-0.87,43.0
2026-02-28,SKK04,2729.23,-3.27,161.61
2026-02-28,SKK05,1874.84,0.26,12.85
2026-03-01,SKK01,2081.83,-1.73,60.97
2026-03-01,SKK02,2862.24,2.35,82.81
2026-03-01,SKK03,1353.88,0.78,27.49
2026-03-01,SKK04,2434.13,1.67,58.85
2026-03-01,SKK05,1682.17,1.21,42.64
2026-03-02,SKK01,2126.95,0.29,11.46
2026-03-02,SKK02,3036.42,-7.8,308.35
2026-03-02,SKK03,1369.61,1.37,54.16
2026-03-02,SKK04,2530.84,0.26,10.28
2026-03-02,SKK05,1693.99,-8.01,316.65
2026-03-03,SKK01,2174.16,4.74,191.56
2026-03-03,SKK02,3059.08,-2.16,87.29
2026-03-03,SKK03,1374.06,1.59,64.26
2026-03-03,SKK04,2615.96,1.56,63.04
2026-03-03,SKK05,1711.76,-0.39,15.76
2026-03-04,SKK01,2187.12,3.33,133.12
2026-03-04,SKK02,3042.48,1.49,59.56
2026-03-04,SKK03,1363.49,-1.92,76.75
2026-03-04,SKK04,2596.52,-4.9,195.88
2026-03-04,SKK05,1710.06,-0.6,23.98
2026-03-05,SKK01,2156.56,-1.83,72.12
2026-03-05,SKK02,3022.24,5.24,206.5
2026-03-05,SKK03,1382.51,3.63,143.05
2026-03-05,SKK04,2556.84,-3.64,143.45
2026-03-05,SKK05,1756.53,0.67,26.4
2026-03-06,SKK01,2169.84,-5.27,212.84
2026-03-06,SKK02,3043.36,5.13,207.18
2026-03-06,SKK03,1336.66,3.07,123.99
2026-03-06,SKK04,2644.71,-1.22,49.27
2026-03-06,SKK05,1742.49,2.03,81.98
2026-03-07,SKK01,2037.36,-4.3,145.25
2026-03-07,SKK02,2928.68,1.62,54.72
2026-03-07,SKK03,1276.77,0.72,24.32
2026-03-07,SKK04,2428.25,0.82,27.7
2026-03-07,SKK05,1634.07,-0.45,15.2
2026-03-08,SKK01,2073.21,-3.8,135.71
2026-03-08,SKK02,2903.2,-3.3,117.85
2026-03-08,SKK03,1312.33,2.83,101.07
2026-03-08,SKK04,2493.46,1.64,58.57
2026-03-08,SKK05,1688.65,0.55,19.64
2026-03-09,SKK01,2117.18,-3.34,135.14
2026-03-09,SKK02,3030.59,-5.09,205.94
2026-03-09,SKK03,1385.41,-1.19,48.15
2026-03-09,SKK04,2587.42,-0.49,19.83
2026-03-09,SKK05,1768.22,-6.26,253.28
2026-03-10,SKK01,2189.69,2.18,88.72
2026-03-10,SKK02,3005.03,-1.45,59.01
2026-03-10,SKK03,1386.84,-0.74,30.11
2026-03-10,SKK04,2590.67,1.69,68.78
2026-03-10,SKK05,1728.81,-5.16,209.99
2026-03-11,SKK01,2156.14,2.79,114.32
2026-03-11,SKK02,3025.72,2.64,108.18
2026-03-11,SKK03,1346.56,-0.01,0.41
2026-03-11,SKK04,2639.88,-1.56,63.92
2026-03-11,SKK05,1726.8,-2.38,97.52
2026-03-12,SKK01,2209.2,408.49,16640.86
2026-03-12,SKK02,3005.63,2.78,113.25
2026-03-12,SKK03,1401.02,-2.02,82.29
2026-03-12,SKK04,2584.48,4.78,194.73
2026-03-12,SKK05,1747.9,-0.42,17.11
2026-03-13,SKK01,2184.97,392.98,15926.01
2026-03-13,SKK02,3055.6,3.59,145.49
2026-03-13,SKK03,1369.64,-0.93,37.69
2026-03-13,SKK04,2594.02,-2.51,101.72
2026-03-13,SKK05,1721.97,1.55,62.82
2026-03-14,SKK01,2057.07,471.59,16775.05
2026-03-14,SKK02,2932.69,-2.56,91.06
2026-03-14,SKK03,1346.87,3.69,131.26
2026-03-14,SKK04,2529.06,-3.31,117.74
2026-03-14,SKK05,1709.03,2.02,71.85
2026-03-15,SKK01,2031.63,33.43,1203.03
2026-03-15,SKK02,2934.77,-4.12,148.27
2026-03-15,SKK03,1342.32,-1.34,48.22
2026-03-15,SKK04,2494.6,0.98,35.27
2026-03-15,SKK05,1659.6,1.3,46.78
2026-03-16,SKK01,2230.37,0.3,12.37
2026-03-16,SKK02,3022.54,2.53,104.33
2026-03-16,SKK03,1348.94,-3.14,129.49
2026-03-16,SKK04,2612.06,-2.47,101.86
2026-03-16,SKK05,1735.71,6.36,262.27
2026-03-17,SKK01,2155.3,-1.84,73.15
2026-03-17,SKK02,2977.75,0.37,14.71
2026-03-17,SKK03,1377.36,-1.56,62.02
2026-03-17,SKK04,2571.34,-4.27,169.76
2026-03-17,SKK05,1718.36,-0.2,7.95
2026-03-18,SKK01,2157.5,4.67,197.03
2026-03-18,SKK02,3115.41,-0.78,32.91
2026-03-18,SKK03,1361.0,-1.59,67.08
2026-03-18,SKK04,2636.1,-2.37,99.99
2026-03-18,SKK05,1772.53,-3.19,134.59
2026-03-19,SKK01,2159.9,-1.47,59.17
2026-03-19,SKK02,2998.07,-1.01,40.65
2026-03-19,SKK03,1390.57,-1.56,62.79
2026-03-19,SKK04,2595.19,-0.61,24.55
2026-03-19,SKK05,1692.84,3.9,156.98
2026-03-20,SKK01,2147.94,5.88,229.58
2026-03-20,SKK02,2993.9,-3.57,139.39
2026-03-20,SKK03,1345.27,0.88,34.36
2026-03-20,SKK04,2556.64,-0.68,26.55
2026-03-20,SKK05,1733.1,3.34,130.41
2026-03-21,SKK01,2021.32,-0.28,9.43
2026-03-21,SKK02,2837.06,-2.55,85.91
2026-03-21,SKK03,1266.81,0.55,18.53
2026-03-21,SKK04,2492.42,4.17,140.48
2026-03-21,SKK05,1627.42,-0.76,25.6
2026-03-22,SKK01,2034.13,-0.73,24.95
2026-03-22,SKK02,2846.6,-2.55,87.15
2026-03-22,SKK03,1285.69,-2.02,69.04
2026-03-22,SKK04,2449.14,3.22,110.05
2026-03-22,SKK05,1662.54,-0.98,33.49
2026-03-23,SKK01,2187.22,2.26,93.78
2026-03-23,SKK02,3073.7,-5.44,225.73
2026-03-23,SKK03,1367.71,-0.09,3.73
2026-03-23,SKK04,2562.16,0.43,17.84
2026-03-23,SKK05,1770.71,4.43,183.82
2026-03-24,SKK01,2222.46,6.78,283.6
2026-03-24,SKK02,3056.28,3.87,161.88
2026-03-24,SKK03,1381.28,0.57,23.84
2026-03-24,SKK04,2677.8,-2.21,92.44
2026-03-24,SKK05,1756.84,0.33,13.8
2026-03-25,SKK01,2152.41,-2.64,101.91
2026-03-25,SKK02,3013.81,-2.14,82.61
2026-03-25,SKK03,1338.06,-1.61,62.15
2026-03-25,SKK04,2576.99,2.07,79.91
2026-03-25,SKK05,1697.11,-2.86,110.41
2026-03-26,SKK01,2107.6,-3.36,133.59
2026-03-26,SKK02,3065.59,4.98,198.0
2026-03-26,SKK03,1345.3,-0.62,24.65
2026-03-26,SKK04,2587.57,-2.02,80.31
2026-03-26,SKK05,1702.25,-4.9,194.82
2026-03-27,SKK01,2184.15,-2.44,100.54
2026-03-27,SKK02,3021.28,-2.47,101.78
2026-03-27,SKK03,1409.73,4.88,201.09
2026-03-27,SKK04,2650.23,0.53,21.84
2026-03-27,SKK05,1759.79,2.76,113.73
2026-03-28,SKK01,2027.04,-5.79,204.09
2026-03-28,SKK02,2927.74,1.48,52.17
2026-03-28,SKK03,1299.15,4.01,141.34
2026-03-28,SKK04,2514.06,-1.08,38.07
2026-03-28,SKK05,1640.87,-3.6,126.89
2026-03-29,SKK01,2065.82,1.21,41.35
2026-03-29,SKK02,2854.24,4.41,150.7
2026-03-29,SKK03,1308.51,-1.06,36.22
2026-03-29,SKK04,2452.1,-2.75,93.97
2026-03-29,SKK05,1657.69,2.25,76.89
2026-03-30,SKK01,2165.37,-5.43,220.15
2026-03-30,SKK02,3048.15,3.55,143.93
2026-03-30,SKK03,1382.25,1.4,56.76
2026-03-30,SKK04,2611.42,-4.87,197.44
2026-03-30,SKK05,1708.59,-2.14,86.76
2026-03-31,SKK01,2154.8,-1.36,52.99
2026-03-31,SKK02,3000.69,3.57,139.1
2026-03-31,SKK03,1367.91,0.07,2.73
2026-03-31,SKK04,2567.88,-1.26,49.09
2026-03-31,SKK05,1695.38,4.98,194.03
2026-04-01,SKK01,2161.96,2.73,110.09
2026-04-01,SKK02,2973.48,1.09,43.95
2026-04-01,SKK03,1410.98,1.44,58.07
2026-04-01,SKK04,2632.23,-6.12,246.79
2026-04-01,SKK05,1748.23,0.13,5.24
2026-04-02,SKK01,2138.99,0.23,9.11
2026-04-02,SKK02,2987.68,0.64,25.34
2026-04-02,SKK03,1351.34,-1.53,60.57
2026-04-02,SKK04,2561.66,1.42,56.21
2026-04-02,SKK05,1739.39,2.92,115.6
2026-04-03,SKK01,2169.09,0.21,8.38
2026-04-03,SKK02,3040.95,1.02,40.69
2026-04-03,SKK03,1360.68,-0.36,14.36
2026-04-03,SKK04,2635.67,-0.39,15.56
2026-04-03,SKK05,1719.79,2.28,90.94
2026-04-04,SKK01,2045.86,0.22,7.7
2026-04-04,SKK02,2922.07,0.54,18.9
2026-04-04,SKK03,1341.16,-2.63,92.07
2026-04-04,SKK04,2441.53,4.35,152.29
2026-04-04,SKK05,1663.31,2.43,85.07
2026-04-05,SKK01,2097.71,-3.49,124.21
2026-04-05,SKK02,2926.02,8.13,289.35
2026-04-05,SKK03,1320.37,2.96,105.35
2026-04-05,SKK04,2498.16,-2.48,88.27
2026-04-05,SKK05,1697.0,-3.11,110.69
2026-04-06,SKK01,2200.64,-6.71,273.92
2026-04-06,SKK02,3065.65,1.91,77.97
2026-04-06,SKK03,1351.09,-0.75,30.62
2026-04-06,SKK04,2597.73,-3.84,156.76
2026-04-06,SKK05,1748.71,2.11,86.14
2026-04-07,SKK01,2135.14,-1.74,69.35
2026-04-07,SKK02,2969.51,-8.64,344.38
2026-04-07,SKK03,1355.85,0.58,23.12
2026-04-07,SKK04,2567.22,-1.54,61.38
2026-04-07,SKK05,1710.56,0.08,3.19
2026-04-08,SKK01,2183.72,-3.24,130.85
2026-04-08,SKK02,3050.99,3.07,123.99
2026-04-08,SKK03,1364.63,-1.74,70.27
2026-04-08,SKK04,2597.08,3.79,153.06
2026-04-08,SKK05,1765.96,1.22,49.27
2026-04-09,SKK01,2212.59,-4.56,188.88
2026-04-09,SKK02,3101.78,1.71,70.83
2026-04-09,SKK03,1349.95,2.24,92.78
2026-04-09,SKK04,2599.79,-2.43,100.65
2026-04-09,SKK05,1757.42,3.58,148.28
2026-04-10,SKK01,2153.5,1.66,64.38
2026-04-10,SKK02,2987.23,-7.72,299.42
2026-04-10,SKK03,1362.61,-0.75,29.09
2026-04-10,SKK04,2577.41,-1.8,69.81
2026-04-10,SKK05,1689.57,0.53,20.56
2026-04-11,SKK01,2073.48,0.81,28.41
2026-04-11,SKK02,2875.43,-6.4,224.47
2026-04-11,SKK03,1269.98,-4.33,151.87
2026-04-11,SKK04,2493.4,-1.29,45.24
2026-04-11,SKK05,1620.89,-3.73,130.82
2026-04-12,SKK01,2114.8,-0.21,7.41
2026-04-12,SKK02,2942.46,-2.47,87.16
2026-04-12,SKK03,1295.34,3.7,130.57
2026-04-12,SKK04,2479.19,4.66,164.45
2026-04-12,SKK05,1653.43,-3.26,115.04
2026-04-13,SKK01,2191.31,-1.07,43.85
2026-04-13,SKK02,3007.12,1.08,44.25
2026-04-13,SKK03,1348.84,1.16,47.53
2026-04-13,SKK04,2590.88,0.68,27.86
2026-04-13,SKK05,1731.77,6.89,282.33
2026-04-14,SKK01,2172.59,0.66,26.68
2026-04-14,SKK02,3066.4,2.69,108.74
2026-04-14,SKK03,1361.13,-0.59,23.85
2026-04-14,SKK04,2615.88,-2.3,92.97
2026-04-14,SKK05,1763.98,2.39,96.61
2026-04-15,SKK01,2173.58,-5.07,210.5
2026-04-15,SKK02,3022.23,-5.48,227.52
2026-04-15,SKK03,1358.49,2.07,85.94
2026-04-15,SKK04,2625.67,4.04,167.74
2026-04-15,SKK05,1725.57,-3.82,158.6
2026-04-16,SKK01,2165.89,1.77,71.89
2026-04-16,SKK02,3094.64,-0.23,9.34
2026-04-16,SKK03,1398.97,-0.46,18.68
2026-04-16,SKK04,2645.11,4.53,184.0
2026-04-16,SKK05,1744.0,1.17,47.52
2026-04-17,SKK01,2170.86,-6.34,251.77
2026-04-17,SKK02,3026.31,-3.85,152.89
2026-04-17,SKK03,1379.67,1.1,43.68
2026-04-17,SKK04,2582.09,-3.35,133.03
2026-04-17,SKK05,1736.28,2.32,92.13
2026-04-18,SKK01,2075.21,2.64,93.56
2026-04-18,SKK02,2859.94,3.13,110.93
2026-04-18,SKK03,1333.63,-3.16,111.99
2026-04-18,SKK04,2473.81,-1.08,38.28
2026-04-18,SKK05,1664.9,-1.13,40.05
2026-04-19,SKK01,2088.7,-5.63,204.19
2026-04-19,SKK02,2914.35,-3.72,134.92
2026-04-19,SKK03,1303.68,-0.06,2.18
2026-04-19,SKK04,2497.66,-2.03,73.63
2026-04-19,SKK05,1674.82,0.14,5.08
2026-04-20,SKK01,2142.29,2.56,102.32
2026-04-20,SKK02,3076.57,6.55,261.8
2026-04-20,SKK03,1363.86,0.22,8.79
2026-04-20,SKK04,2606.89,2.32,92.73
2026-04-20,SKK05,1742.43,3.3,131.9
2026-04-21,SKK01,2180.07,2.06,83.86
2026-04-21,SKK02,3028.77,3.32,135.16
2026-04-21,SKK03,1381.05,1.08,43.97
2026-04-21,SKK04,2606.3,-1.01,41.12
2026-04-21,SKK05,1727.08,-2.11,85.9
2026-04-22,SKK01,2112.58,2.13,82.22
2026-04-22,SKK02,2988.93,-3.92,151.32
2026-04-22,SKK03,1382.04,3.24,125.07
2026-04-22,SKK04,2602.12,-7.85,303.02
2026-04-22,SKK05,1754.79,1.18,45.55
2026-04-23,SKK01,2137.52,-2.4,93.84
2026-04-23,SKK02,2970.64,-0.51,19.94
2026-04-23,SKK03,1389.23,0.07,2.74
2026-04-23,SKK04,2542.46,0.51,19.94
2026-04-23,SKK05,1682.33,2.68,104.78
2026-04-24,SKK01,2172.67,-1.49,59.93
2026-04-24,SKK02,2982.03,1.54,61.94
2026-04-24,SKK03,1344.43,-3.8,152.84
2026-04-24,SKK04,2627.63,-2.14,86.07
2026-04-24,SKK05,1726.86,3.26,131.12
2026-04-25,SKK01,2056.28,3.84,134.2
2026-04-25,SKK02,2918.58,4.64,162.15
2026-04-25,SKK03,1315.02,-1.19,41.59
2026-04-25,SKK04,2491.22,2.99,104.49
2026-04-25,SKK05,1684.02,-1.6,55.92
2026-04-26,SKK01,2091.1,-3.81,138.21
2026-04-26,SKK02,2872.68,2.44,88.51
2026-04-26,SKK03,1302.77,-0.64,23.22
2026-04-26,SKK04,2509.97,1.03,37.36
2026-04-26,SKK05,1698.95,-3.07,111.36
2026-04-27,SKK01,2187.53,-3.78,152.88
2026-04-27,SKK02,3057.45,1.02,41.25
2026-04-27,SKK03,1359.39,1.22,49.34
2026-04-27,SKK04,2565.45,5.2,210.31
2026-04-27,SKK05,1725.62,2.9,117.29
2026-04-28,SKK01,2179.19,1.62,65.69
2026-04-28,SKK02,3066.66,2.88,116.79
2026-04-28,SKK03,1386.35,1.02,41.36
2026-04-28,SKK04,2556.98,1.48,60.02
2026-04-28,SKK05,1749.18,2.42,98.14
2026-04-29,SKK01,2184.43,3.87,154.9
2026-04-29,SKK02,3047.82,-0.43,17.21
2026-04-29,SKK03,1383.12,-2.27,90.86
2026-04-29,SKK04,2620.19,-3.73,149.3
2026-04-29,SKK05,1748.57,1.93,77.25
2026-04-30,SKK01,2154.01,-1.82,71.94
2026-04-30,SKK02,2994.61,1.81,71.55
2026-04-30,SKK03,1355.19,1.75,69.18
2026-04-30,SKK04,2578.67,0.68,26.88
2026-04-30,SKK05,1712.32,-1.56,61.67
2026-05-01,SKK01,2134.7,1.53,61.78
2026-05-01,SKK02,3047.66,-5.72,230.95
2026-05-01,SKK03,1320.9,0.7,28.26
2026-05-01,SKK04,2659.01,-0.77,31.09
2026-05-01,SKK05,1750.08,2.42,97.71
2026-05-02,SKK01,2075.25,3.35,114.54
2026-05-02,SKK02,2868.67,-0.05,1.71
2026-05-02,SKK03,1297.73,-0.03,1.03
2026-05-02,SKK04,2480.82,-4.84,165.49
2026-05-02,SKK05,1662.64,3.68,125.83
2026-05-03,SKK01,2050.49,4.36,144.34
2026-05-03,SKK02,2838.44,-4.48,148.31
2026-05-03,SKK03,1292.07,0.2,6.62
2026-05-03,SKK04,2354.87,-0.55,18.21
2026-05-03,SKK05,1629.1,-3.95,130.77
2026-05-04,SKK01,2178.89,-2.67,107.97
2026-05-04,SKK02,3041.55,-0.89,35.99
2026-05-04,SKK03,1382.36,-0.7,28.31
2026-05-04,SKK04,2575.84,-1.88,76.03
2026-05-04,SKK05,1766.94,2.62,105.95
2026-05-05,SKK01,2166.2,2.64,111.11
2026-05-05,SKK02,3118.09,1.14,47.98
2026-05-05,SKK03,1437.47,-2.35,98.91
2026-05-05,SKK04,2577.21,0.86,36.2
2026-05-05,SKK05,1760.92,-1.77,74.5
2026-05-06,SKK01,2155.27,1.81,74.06
2026-05-06,SKK02,3028.7,3.28,134.22
2026-05-06,SKK03,1377.05,0.26,10.64
2026-05-06,SKK04,2619.29,2.11,86.34
2026-05-06,SKK05,1717.03,2.64,108.03
2026-05-07,SKK01,2218.83,-0.83,34.57
2026-05-07,SKK02,3082.67,-4.42,184.08
2026-05-07,SKK03,1367.23,-0.2,8.33
2026-05-07,SKK04,2590.9,3.85,160.34
2026-05-07,SKK05,1758.15,-0.44,18.32
2026-05-08,SKK01,2174.83,-3.33,135.39
2026-05-08,SKK02,2971.87,0.53,21.55
2026-05-08,SKK03,1338.09,4.29,174.42
2026-05-08,SKK04,2653.96,-1.04,42.28
2026-05-08,SKK05,1725.78,-0.45,18.3
2026-05-09,SKK01,2121.1,4.17,148.24
2026-05-09,SKK02,2850.6,-4.39,156.06
2026-05-09,SKK03,1310.43,-1.53,54.39
2026-05-09,SKK04,2451.7,-1.09,38.75
2026-05-09,SKK05,1662.27,-0.35,12.44
2026-05-10,SKK01,2035.58,-3.88,133.63
2026-05-10,SKK02,2886.33,0.36,12.4
2026-05-10,SKK03,1338.5,0.69,23.76
2026-05-10,SKK04,2417.57,-1.43,49.25
2026-05-10,SKK05,1615.65,-4.64,159.8
2026-05-11,SKK01,2126.69,5.92,241.33
2026-05-11,SKK02,3048.1,-2.51,102.32
2026-05-11,SKK03,1359.5,0.15,6.11
2026-05-11,SKK04,2627.64,-3.62,147.57
2026-05-11,SKK05,1719.46,1.53,62.37
2026-05-12,SKK01,2189.41,-2.29,93.84
2026-05-12,SKK02,3038.23,-5.74,235.21
2026-05-12,SKK03,1391.87,0.96,39.34
2026-05-12,SKK04,2632.33,3.14,128.67
2026-05-12,SKK05,1724.58,-0.92,37.7
2026-05-13,SKK01,2132.48,-2.22,89.95
2026-05-13,SKK02,3047.7,2.89,117.1
2026-05-13,SKK03,1285.51,4.14,167.75
2026-05-13,SKK04,2608.34,-3.06,123.99
2026-05-13,SKK05,1729.05,-8.01,324.56
2026-05-14,SKK01,2139.75,-5.79,229.54
2026-05-14,SKK02,3067.59,2.12,84.05
2026-05-14,SKK03,1387.88,0.76,30.13
2026-05-14,SKK04,2551.66,1.76,69.78
2026-05-14,SKK05,1725.77,-0.17,6.74
2026-05-15,SKK01,2133.31,3.04,114.8
2026-05-15,SKK02,2998.39,-1.71,64.57
2026-05-15,SKK03,1331.42,0.72,27.19
2026-05-15,SKK04,2457.19,4.39,165.77
2026-05-15,SKK05,1703.16,3.75,141.61
2026-05-16,SKK01,2109.34,-1.7,61.5
2026-05-16,SKK02,2924.82,-0.54,19.54
2026-05-16,SKK03,1366.9,-2.82,102.02
2026-05-16,SKK04,2545.9,-2.16,78.15
2026-05-16,SKK05,1686.07,3.33,120.48
2026-05-17,SKK01,2089.53,0.39,14.01
2026-05-17,SKK02,2954.79,-0.11,3.95
2026-05-17,SKK03,1307.15,0.16,5.75
2026-05-17,SKK04,2505.41,-0.95,34.12
2026-05-17,SKK05,1709.7,3.68,132.16
2026-05-18,SKK01,2182.01,-1.92,76.18
2026-05-18,SKK02,3024.77,-0.53,21.03
2026-05-18,SKK03,1393.38,3.46,137.29
2026-05-18,SKK04,2569.53,-1.6,63.49
2026-05-18,SKK05,1696.22,-1.51,59.91
2026-05-19,SKK01,2177.91,-4.0,157.34
2026-05-19,SKK02,3004.05,-0.92,36.19
2026-05-19,SKK03,1373.64,-3.22,126.66
2026-05-19,SKK04,2546.34,1.14,44.84
2026-05-19,SKK05,1702.71,-1.08,42.48
2026-05-20,SKK01,2167.62,-1.61,65.29
2026-05-20,SKK02,3041.83,-0.78,31.63
2026-05-20,SKK03,1336.92,-2.49,100.98
2026-05-20,SKK04,2551.86,0.2,8.11
2026-05-20,SKK05,1727.31,-1.69,68.54
2026-05-21,SKK01,2141.6,-2.78,112.2
2026-05-21,SKK02,3048.41,2.67,107.76
2026-05-21,SKK03,1400.52,0.8,32.29
2026-05-21,SKK04,2619.52,3.5,141.26
2026-05-21,SKK05,1720.13,1.47,59.33
2026-05-22,SKK01,2181.09,-3.62,143.78
2026-05-22,SKK02,2997.85,4.47,177.54
2026-05-22,SKK03,1366.89,0.15,5.96
2026-05-22,SKK04,2604.94,-1.49,59.18
2026-05-22,SKK05,1735.12,2.28,90.56
2026-05-23,SKK01,2106.36,1.92,68.5
2026-05-23,SKK02,2912.13,-6.71,239.4
2026-05-23,SKK03,1292.81,-1.88,67.08
2026-05-23,SKK04,2505.23,-0.62,22.12
2026-05-23,SKK05,1686.76,-3.62,129.16
2026-05-24,SKK01,2044.38,5.39,182.78
2026-05-24,SKK02,2832.19,54.47,1847.17
2026-05-24,SKK03,1298.07,1.41,47.82
2026-05-24,SKK04,2473.6,-2.39,81.05
2026-05-24,SKK05,1617.66,4.87,165.15
2026-05-25,SKK01,2174.73,5.22,209.61
2026-05-25,SKK02,3007.46,-1.15,46.18
2026-05-25,SKK03,1374.94,-1.19,47.78
2026-05-25,SKK04,2637.01,3.16,126.89
2026-05-25,SKK05,1726.77,-2.95,118.46
2026-05-26,SKK01,2199.74,0.04,1.67
2026-05-26,SKK02,3070.0,-1.16,48.48
2026-05-26,SKK03,1383.51,0.29,12.12
2026-05-26,SKK04,2589.48,1.53,63.94
2026-05-26,SKK05,1762.22,3.68,153.8
2026-05-27,SKK01,2188.96,-4.43,179.75
2026-05-27,SKK02,3041.68,1.56,63.3
2026-05-27,SKK03,1382.11,4.14,167.99
2026-05-27,SKK04,2605.45,-0.63,25.56
2026-05-27,SKK05,1749.17,1.02,41.39
2026-05-28,SKK01,2160.05,-0.4,16.45
2026-05-28,SKK02,3069.06,3.44,141.44
2026-05-28,SKK03,1351.23,0.45,18.5
2026-05-28,SKK04,2619.5,1.43,58.8
2026-05-28,SKK05,1719.96,-1.33,54.69
2026-05-29,SKK01,2186.56,-4.45,176.98
2026-05-29,SKK02,2921.93,-0.53,21.08
2026-05-29,SKK03,1346.45,1.49,59.26
2026-05-29,SKK04,2540.92,-2.63,104.6
2026-05-29,SKK05,1697.67,1.0,39.77
2026-05-30,SKK01,2084.9,3.22,114.99
2026-05-30,SKK02,2966.05,-2.7,96.42
2026-05-30,SKK03,1306.26,0.64,22.85
2026-05-30,SKK04,2507.89,1.73,61.78
2026-05-30,SKK05,1674.34,2.18,77.85
2026-05-31,SKK01,2037.98,0.68,23.91
2026-05-31,SKK02,2943.67,2.75,96.69
2026-05-31,SKK03,1297.38,0.71,24.96
2026-05-31,SKK04,2458.15,2.04,71.73
2026-05-31,SKK05,1640.55,0.19,6.68
2026-06-01,SKK01,2007.08,0.08,2.48
2026-06-01,SKK02,2818.42,4.18,129.84
2026-06-01,SKK03,1243.12,-0.21,6.52
2026-06-01,SKK04,2397.36,-0.73,22.67
2026-06-01,SKK05,1590.32,0.02,0.62
2026-06-02,SKK01,2007.62,8.08,246.37
2026-06-02,SKK02,2794.37,-7.61,232.04
2026-06-02,SKK03,1299.68,-0.8,24.39
2026-06-02,SKK04,2320.16,-0.43,13.11
2026-06-02,SKK05,1605.9,-1.37,41.77
2026-06-03,SKK01,1924.04,-5.32,165.24
2026-06-03,SKK02,2717.03,1.85,57.46
2026-06-03,SKK03,1218.86,-1.57,48.77
2026-06-03,SKK04,2289.47,2.85,88.52
2026-06-03,SKK05,1543.29,-0.03,0.93
2026-06-04,SKK01,2019.77,0.23,6.81
2026-06-04,SKK02,1950.04,-1.99,58.96
2026-06-04,SKK03,1262.26,2.12,62.81
2026-06-04,SKK04,2364.48,-1.25,37.03
2026-06-04,SKK05,1544.03,4.6,136.29
2026-06-05,SKK01,1974.03,-3.25,98.91
2026-06-05,SKK02,1821.94,1.48,45.04
2026-06-05,SKK03,1284.28,0.79,24.04
2026-06-05,SKK04,2427.05,2.77,84.3
2026-06-05,SKK05,1599.21,-1.28,38.95
2026-06-06,SKK01,1672.79,2.54,62.98
2026-06-06,SKK02,1614.44,2.19,54.3
2026-06-06,SKK03,1028.8,0.11,2.73
2026-06-06,SKK04,2004.13,0.1,2.48
2026-06-06,SKK05,1336.43,0.98,24.3
2026-06-07,SKK01,1809.9,0.67,16.8
2026-06-07,SKK02,1687.34,1.45,36.36
2026-06-07,SKK03,1160.98,-1.13,28.33
2026-06-07,SKK04,2157.73,2.41,60.43
2026-06-07,SKK05,1427.74,-1.47,36.86
2026-06-08,SKK01,1982.78,-2.5,74.59
2026-06-08,SKK02,1866.32,1.3,38.79
2026-06-08,SKK03,1247.73,-2.4,71.6
2026-06-08,SKK04,2325.53,4.86,145.0
2026-06-08,SKK05,1589.78,-9.01,268.82
2026-06-09,SKK01,1871.14,-3.75,111.97
2026-06-09,SKK02,1755.74,2.66,79.43
2026-06-09,SKK03,1171.73,-0.88,26.28
2026-06-09,SKK04,2276.64,-0.02,0.6
2026-06-09,SKK05,1529.75,-0.35,10.45
2026-06-10,SKK01,1948.79,1.64,50.87
2026-06-10,SKK02,2389.26,2.02,62.66
2026-06-10,SKK03,1284.59,1.09,33.81
2026-06-10,SKK04,2418.81,-2.07,64.21
2026-06-10,SKK05,1598.81,-5.16,160.06
2026-06-11,SKK01,1991.83,-1.95,62.85
2026-06-11,SKK02,2845.85,-3.6,116.02
2026-06-11,SKK03,1213.93,1.12,36.1
2026-06-11,SKK04,2405.67,1.49,48.02
2026-06-11,SKK05,1646.88,-2.5,80.57
2026-06-12,SKK01,2051.83,-2.71,81.84
2026-06-12,SKK02,2801.23,0.61,18.42
2026-06-12,SKK03,1282.14,1.82,54.96
2026-06-12,SKK04,2341.18,-7.12,215.02
2026-06-12,SKK05,1563.81,-1.1,33.22
2026-06-13,SKK01,1715.79,-0.47,12.05
2026-06-13,SKK02,2416.87,0.39,10.0
2026-06-13,SKK03,1096.97,-1.53,39.23
2026-06-13,SKK04,2097.14,1.93,49.48
2026-06-13,SKK05,1420.8,-0.69,17.69
2026-06-14,SKK01,1700.58,0.8,20.37
2026-06-14,SKK02,2430.05,-1.48,37.68
2026-06-14,SKK03,1079.05,-1.79,45.57
2026-06-14,SKK04,1996.24,-1.01,25.71
2026-06-14,SKK05,1377.6,2.54,64.67
2026-06-15,SKK01,1945.14,-0.43,13.36
2026-06-15,SKK02,2774.07,-3.47,107.8
2026-06-15,SKK03,1282.78,-0.5,15.53
2026-06-15,SKK04,2355.13,2.69,83.57
2026-06-15,SKK05,1584.78,-0.07,2.17
2026-06-16,SKK01,2044.21,5.35,169.99
2026-06-16,SKK02,2812.35,-4.6,146.16
2026-06-16,SKK03,1250.43,-0.56,17.79
2026-06-16,SKK04,2433.35,0.39,12.39
2026-06-16,SKK05,1614.0,0.01,0.32
2026-06-17,SKK01,1740.08,-2.15,61.85
2026-06-17,SKK02,2451.67,3.04,87.46
2026-06-17,SKK03,1113.79,0.17,4.89
2026-06-17,SKK04,2062.98,-1.59,45.74
2026-06-17,SKK05,1376.02,0.75,21.58
2026-06-18,SKK01,1926.79,-2.61,77.29
2026-06-18,SKK02,2777.09,1.69,50.05
2026-06-18,SKK03,1238.8,4.49,132.97
2026-06-18,SKK04,2362.27,-4.59,135.93
2026-06-18,SKK05,1573.13,-0.05,1.48
2026-06-19,SKK01,1999.19,-5.55,164.14
2026-06-19,SKK02,2793.37,-0.74,21.89
2026-06-19,SKK03,1267.9,0.3,8.87
2026-06-19,SKK04,2402.08,-1.49,44.07
2026-06-19,SKK05,1552.93,-4.49,132.79
2026-06-20,SKK01,1818.78,2.42,63.04
2026-06-20,SKK02,2586.32,2.34,60.95
2026-06-20,SKK03,1194.52,0.13,3.39
2026-06-20,SKK04,2220.52,0.46,11.98
2026-06-20,SKK05,1502.32,-1.43,37.25
2026-06-21,SKK01,1778.34,-2.82,71.17
2026-06-21,SKK02,2455.21,3.72,93.89
2026-06-21,SKK03,1069.96,0.17,4.29
2026-06-21,SKK04,2100.93,4.05,102.22
2026-06-21,SKK05,1393.56,-1.18,29.78
2026-06-22,SKK01,1918.56,2.52,78.1
2026-06-22,SKK02,2722.83,-1.36,42.15
2026-06-22,SKK03,1231.37,-1.19,36.88
2026-06-22,SKK04,2317.87,-0.04,1.24
2026-06-22,SKK05,1550.34,2.23,69.11
2026-06-23,SKK01,1978.07,0.8,24.58
2026-06-23,SKK02,2791.65,1.42,43.62
2026-06-23,SKK03,1289.3,-0.27,8.29
2026-06-23,SKK04,2402.4,4.51,138.54
2026-06-23,SKK05,1583.54,3.85,118.27
2026-06-24,SKK01,1996.83,2.51,78.01
2026-06-24,SKK02,2829.04,1.88,58.43
2026-06-24,SKK03,1280.27,1.7,52.84
2026-06-24,SKK04,2404.51,1.13,35.12
2026-06-24,SKK05,1589.25,1.15,35.74
2026-06-25,SKK01,1972.52,3.9,117.94
2026-06-25,SKK02,2745.82,-0.4,12.1
2026-06-25,SKK03,1243.75,1.47,44.45
2026-06-25,SKK04,2410.04,-1.59,48.08
2026-06-25,SKK05,1570.53,-2.29,69.25
2026-06-26,SKK01,2009.92,2.25,68.04
2026-06-26,SKK02,2776.29,-3.9,117.94
2026-06-26,SKK03,1265.77,-4.3,130.04
2026-06-26,SKK04,2441.36,-3.26,98.59
2026-06-26,SKK05,1567.9,2.01,60.78
2026-06-27,SKK01,1804.62,2.37,60.93
2026-06-27,SKK02,2488.81,-1.93,49.62
2026-06-27,SKK03,1124.0,-1.45,37.28
2026-06-27,SKK04,2117.28,-0.96,24.68
2026-06-27,SKK05,1409.59,4.15,106.7
2026-06-28,SKK01,1756.72,0.47,11.93
2026-06-28,SKK02,2478.75,-2.83,71.82
2026-06-28,SKK03,1136.9,-1.96,49.74
2026-06-28,SKK04,2079.75,0.92,23.35
2026-06-28,SKK05,1404.49,-1.48,37.56
2026-06-29,SKK01,1989.23,-1.17,35.99
2026-06-29,SKK02,2778.82,0.98,30.14
2026-06-29,SKK03,1220.78,-4.31,132.57
2026-06-29,SKK04,2388.42,-1.65,50.75
2026-06-29,SKK05,1580.76,-3.03,93.2
2026-06-30,SKK01,1912.72,2.28,70.44
2026-06-30,SKK02,2738.83,-6.83,211.01
2026-06-30,SKK03,1232.0,-1.24,38.31
2026-06-30,SKK04,2379.2,1.9,58.7
2026-06-30,SKK05,1525.51,-1.27,39.24
2026-07-01,SKK01,2008.66,4.85,152.9
2026-07-01,SKK02,2807.91,3.5,110.34
2026-07-01,SKK03,1299.76,4.91,154.79
2026-07-01,SKK04,2397.7,-3.68,116.02
2026-07-01,SKK05,1593.47,0.49,15.45
2026-07-02,SKK01,2075.19,1.9,59.35
2026-07-02,SKK02,2865.84,-0.63,19.68
2026-07-02,SKK03,1241.77,1.46,45.61
2026-07-02,SKK04,2418.05,2.9,90.59
2026-07-02,SKK05,1576.24,1.94,60.6
2026-07-03,SKK01,1883.53,-0.84,25.15
2026-07-03,SKK02,2673.19,-0.92,27.54
2026-07-03,SKK03,1216.4,-1.57,47.0
2026-07-03,SKK04,2242.88,4.92,147.29
2026-07-03,SKK05,1538.22,-3.09,92.51
2026-07-04,SKK01,1715.92,1.31,32.16
2026-07-04,SKK02,1705.89,3.57,87.63
2026-07-04,SKK03,1070.94,-0.54,13.26
2026-07-04,SKK04,2085.61,-0.91,22.34
2026-07-04,SKK05,1363.05,1.66,40.75
2026-07-05,SKK01,1823.06,-2.5,62.14
2026-07-05,SKK02,1702.7,0.99,24.61
2026-07-05,SKK03,1171.43,-0.77,19.14
2026-07-05,SKK04,2160.54,2.03,50.45
2026-07-05,SKK05,1450.43,0.76,18.89
2026-07-06,SKK01,1983.35,7.16,219.88
2026-07-06,SKK02,1831.82,0.71,21.8
2026-07-06,SKK03,1264.88,-0.54,16.58
2026-07-06,SKK04,2393.97,2.81,86.29
2026-07-06,SKK05,1574.93,-0.49,15.05
2026-07-07,SKK01,2016.92,-0.16,4.91
2026-07-07,SKK02,1878.84,1.42,43.57
2026-07-07,SKK03,1279.64,-2.51,77.02
2026-07-07,SKK04,2337.3,3.8,116.6
2026-07-07,SKK05,1595.85,-4.99,153.11
2026-07-08,SKK01,1956.11,-5.58,169.93
2026-07-08,SKK02,1898.48,2.39,72.78
2026-07-08,SKK03,1243.12,0.8,24.36
2026-07-08,SKK04,2391.56,-0.78,23.75
2026-07-08,SKK05,1590.4,-5.76,175.41
2026-07-09,SKK01,1964.36,0.03,0.96
2026-07-09,SKK02,1800.18,-2.12,68.08
2026-07-09,SKK03,1253.45,4.74,152.23
2026-07-09,SKK04,2305.77,-2.81,90.24
2026-07-09,SKK05,1549.14,0.12,3.85
2026-07-10,SKK01,2005.04,-0.17,5.23
2026-07-10,SKK02,2333.59,3.56,109.5
2026-07-10,SKK03,1277.44,-0.29,8.92
2026-07-10,SKK04,2380.23,-0.89,27.37
2026-07-10,SKK05,1566.72,1.45,44.6
2026-07-11,SKK01,1726.97,-1.44,35.49
2026-07-11,SKK02,2441.64,2.31,56.93
2026-07-11,SKK03,1095.1,0.22,5.42
2026-07-11,SKK04,2070.03,1.33,32.78
2026-07-11,SKK05,1397.43,0.1,2.46
2026-07-12,SKK01,1674.96,-0.59,14.47
2026-07-12,SKK02,2325.66,5.36,131.49
2026-07-12,SKK03,1067.43,0.84,20.61
2026-07-12,SKK04,2009.2,1.23,30.17
2026-07-12,SKK05,1325.72,0.7,17.17
2026-07-13,SKK01,1964.18,1.33,40.86
2026-07-13,SKK02,2810.62,-1.48,45.46
2026-07-13,SKK03,1218.0,-0.13,3.99
2026-07-13,SKK04,2378.33,0.77,23.65
2026-07-13,SKK05,1557.78,3.21,98.61
2026-07-14,SKK01,1984.35,-2.26,68.48
2026-07-14,SKK02,2747.27,-2.36,71.51
2026-07-14,SKK03,1258.26,-0.23,6.97
2026-07-14,SKK04,2323.87,3.07,93.03
2026-07-14,SKK05,1576.94,1.08,32.73
2026-07-15,SKK01,1969.24,-2.71,82.01
2026-07-15,SKK02,2776.43,-4.69,141.93
2026-07-15,SKK03,1256.33,3.58,108.34
2026-07-15,SKK04,2368.62,4.14,125.28
2026-07-15,SKK05,1587.1,-1.9,57.5
2026-07-16,SKK01,1960.35,-1.32,39.7
2026-07-16,SKK02,2648.57,7.21,216.86
2026-07-16,SKK03,1219.81,-2.91,87.52
2026-07-16,SKK04,2325.89,3.08,92.64
2026-07-16,SKK05,1495.98,2.44,73.39
2026-07-17,SKK01,2000.44,0.56,17.08
2026-07-17,SKK02,2785.75,-0.51,15.56
2026-07-17,SKK03,1231.97,-1.53,46.67
2026-07-17,SKK04,2408.11,4.79,146.1
2026-07-17,SKK05,1595.97,1.01,30.81
2026-07-18,SKK01,1862.28,-3.78,98.23
2026-07-18,SKK02,2553.91,1.5,38.98
2026-07-18,SKK03,1150.1,-0.22,5.72
2026-07-18,SKK04,2165.05,1.95,50.68
2026-07-18,SKK05,1496.09,2.98,77.44
2026-07-19,SKK01,1704.64,-0.4,10.0
2026-07-19,SKK02,2369.5,0.61,15.25
2026-07-19,SKK03,1033.13,0.33,8.25
2026-07-19,SKK04,2002.05,-2.21,55.26
2026-07-19,SKK05,1354.42,0.7,17.5
2026-07-20,SKK01,1944.32,-0.07,2.1
2026-07-20,SKK02,2688.35,-1.54,46.26
2026-07-20,SKK03,1209.78,-0.45,13.52
2026-07-20,SKK04,2274.45,-1.12,33.64
2026-07-20,SKK05,1536.24,5.66,170.01
2026-07-21,SKK01,1955.85,-3.15,96.94
2026-07-21,SKK02,2806.26,1.1,33.85
2026-07-21,SKK03,1279.09,-3.92,120.64
2026-07-21,SKK04,2358.07,1.59,48.93
2026-07-21,SKK05,1607.47,-7.15,220.05
2026-07-22,SKK01,1991.23,-0.99,29.75
2026-07-22,SKK02,2717.94,-3.25,97.65
2026-07-22,SKK03,1291.72,1.78,53.48
2026-07-22,SKK04,2318.31,0.64,19.23
2026-07-22,SKK05,1585.96,1.13,33.95
2026-07-23,SKK01,1983.68,-2.55,75.46
2026-07-23,SKK02,2733.48,-2.16,63.92
2026-07-23,SKK03,1220.79,-1.7,50.31
2026-07-23,SKK04,2354.87,1.24,36.7
2026-07-23,SKK05,1562.76,3.5,103.58
2026-07-24,SKK01,1939.04,-4.74,142.55
2026-07-24,SKK02,2822.36,6.84,205.7
2026-07-24,SKK03,1280.94,-0.79,23.76
2026-07-24,SKK04,2323.45,-2.27,68.27
2026-07-24,SKK05,1583.48,0.16,4.81
2026-07-25,SKK01,1690.87,-2.68,67.8
2026-07-25,SKK02,2356.62,0.64,16.19
2026-07-25,SKK03,1053.08,4.39,111.06
2026-07-25,SKK04,1993.27,-0.7,17.71
2026-07-25,SKK05,1346.81,1.21,30.61
2026-07-26,SKK01,1693.69,2.58,67.33
2026-07-26,SKK02,2350.85,1.07,27.93
2026-07-26,SKK03,1040.86,2.49,64.99
2026-07-26,SKK04,2034.88,-1.46,38.1
2026-07-26,SKK05,1346.16,-1.1,28.71
2026-07-27,SKK01,1906.23,-2.09,63.65
2026-07-27,SKK02,2622.95,3.11,94.72
2026-07-27,SKK03,1218.07,0.11,3.35
2026-07-27,SKK04,2294.14,3.02,91.97
2026-07-27,SKK05,1496.21,-2.56,77.96
2026-07-28,SKK01,1984.36,4.25,130.33
2026-07-28,SKK02,2762.97,-2.94,90.16
2026-07-28,SKK03,1272.59,3.19,97.82
2026-07-28,SKK04,2347.04,-1.01,30.97
2026-07-28,SKK05,1601.68,0.75,23.0
2026-07-29,SKK01,1921.58,-0.88,26.14
2026-07-29,SKK02,2675.35,2.36,70.11
2026-07-29,SKK03,1232.33,3.74,111.11
2026-07-29,SKK04,2261.69,3.33,98.93
2026-07-29,SKK05,1531.19,4.28,127.16
2026-07-30,SKK01,1878.54,-0.09,2.71
2026-07-30,SKK02,2649.33,1.72,51.83
2026-07-30,SKK03,1192.35,1.86,56.05
2026-07-30,SKK04,2270.98,2.62,78.95
2026-07-30,SKK05,1518.8,-1.79,53.94
2026-07-31,SKK01,1871.72,2.46,71.45
2026-07-31,SKK02,2686.22,1.26,36.6
2026-07-31,SKK03,1239.59,2.32,67.38
2026-07-31,SKK04,2274.72,2.29,66.51
2026-07-31,SKK05,1518.0,-4.79,139.12
2026-08-01,SKK01,1864.12,3.04,79.45
2026-08-01,SKK02,2512.93,-9.86,257.7
2026-08-01,SKK03,1153.09,-1.01,26.4
2026-08-01,SKK04,2254.25,-1.51,39.47
2026-08-01,SKK05,1472.11,2.6,67.95
2026-08-02,SKK01,1665.27,0.84,21.38
2026-08-02,SKK02,2382.86,0.47,11.96
2026-08-02,SKK03,1047.58,-1.95,49.62
2026-08-02,SKK04,2013.69,1.72,43.77
2026-08-02,SKK05,1358.7,0.94,23.92
2026-08-03,SKK01,1961.57,-1.3,40.52
2026-08-03,SKK02,2771.62,-1.52,47.38
2026-08-03,SKK03,1273.75,1.13,35.22
2026-08-03,SKK04,2380.68,5.1,158.98
2026-08-03,SKK05,1622.47,-1.15,35.85
2026-08-04,SKK01,2026.08,3.84,116.52
2026-08-04,SKK02,2799.59,-4.14,125.62
2026-08-04,SKK03,1269.38,0.43,13.05
2026-08-04,SKK04,2393.39,-0.13,3.94
2026-08-04,SKK05,1560.24,-0.24,7.28
2026-08-05,SKK01,1978.68,-0.71,21.79
2026-08-05,SKK02,2831.63,0.98,30.07
2026-08-05,SKK03,1277.54,-0.75,23.01
2026-08-05,SKK04,2390.95,1.37,42.04
2026-08-05,SKK05,1578.54,1.12,34.37
2026-08-06,SKK01,2016.06,-1.93,59.02
2026-08-06,SKK02,2763.59,-0.31,9.48
2026-08-06,SKK03,1279.66,-0.7,21.41
2026-08-06,SKK04,2434.53,-1.5,45.87
2026-08-06,SKK05,1606.94,-0.6,18.35
2026-08-07,SKK01,2026.84,0.3,9.09
2026-08-07,SKK02,2824.77,0.73,22.11
2026-08-07,SKK03,1269.16,-3.48,105.42
2026-08-07,SKK04,2347.96,-2.4,72.71
2026-08-07,SKK05,1576.51,-2.63,79.67
2026-08-08,SKK01,1656.26,1.32,32.04
2026-08-08,SKK02,2307.8,-0.01,0.24
2026-08-08,SKK03,1004.83,1.98,48.06
2026-08-08,SKK04,2024.92,4.46,108.25
2026-08-08,SKK05,1320.25,2.64,64.08
2026-08-09,SKK01,1829.08,2.06,51.93
2026-08-09,SKK02,2583.42,-5.39,135.87
2026-08-09,SKK03,1128.0,-0.24,6.05
2026-08-09,SKK04,2207.98,0.73,18.4
2026-08-09,SKK05,1486.3,0.87,21.93
2026-08-10,SKK01,1994.11,3.82,118.55
2026-08-10,SKK02,2795.75,1.5,46.55
2026-08-10,SKK03,1313.5,-2.58,80.06
2026-08-10,SKK04,2414.03,-0.7,21.72
2026-08-10,SKK05,1619.03,-2.52,78.2
2026-08-11,SKK01,1960.81,1.14,35.01
2026-08-11,SKK02,2787.89,0.09,2.76
2026-08-11,SKK03,1257.48,0.37,11.36
2026-08-11,SKK04,2354.6,-1.97,60.49
2026-08-11,SKK05,1641.41,-6.83,209.73
2026-08-12,SKK01,1854.34,4.33,125.22
2026-08-12,SKK02,2662.13,-1.5,43.38
2026-08-12,SKK03,1193.01,-0.04,1.16
2026-08-12,SKK04,2282.74,1.43,41.36
2026-08-12,SKK05,1519.51,-3.51,101.51
2026-08-13,SKK01,2011.81,0.16,4.92
2026-08-13,SKK02,2814.25,4.52,139.1
2026-08-13,SKK03,1268.81,-1.74,53.55
2026-08-13,SKK04,2445.83,-2.76,84.93
2026-08-13,SKK05,1590.7,-0.18,5.54
2026-08-14,SKK01,1966.41,-1.69,50.24
2026-08-14,SKK02,2737.68,3.02,89.79
2026-08-14,SKK03,1274.41,-3.31,98.41
2026-08-14,SKK04,2376.29,3.29,97.81
2026-08-14,SKK05,1587.45,2.81,83.54
2026-08-15,SKK01,1679.3,2.74,69.34
2026-08-15,SKK02,2294.3,-6.61,167.27
2026-08-15,SKK03,1018.15,0.92,23.28
2026-08-15,SKK04,1940.82,-3.81,96.42
2026-08-15,SKK05,1306.21,0.52,13.16
2026-08-16,SKK01,1556.93,-0.09,2.11
2026-08-16,SKK02,2241.81,3.76,88.06
2026-08-16,SKK03,1021.63,-2.45,57.38
2026-08-16,SKK04,1887.32,-1.93,45.2
2026-08-16,SKK05,1271.63,-1.8,42.16
2026-08-17,SKK01,2019.73,2.62,80.69
2026-08-17,SKK02,2778.52,-1.89,58.21
2026-08-17,SKK03,1261.36,-2.57,79.15
2026-08-17,SKK04,2409.35,4.33,133.36
2026-08-17,SKK05,1557.37,1.25,38.5
2026-08-18,SKK01,2004.47,-2.19,66.21
2026-08-18,SKK02,2752.76,-0.16,4.84
2026-08-18,SKK03,1255.39,1.74,52.61
2026-08-18,SKK04,2457.95,-4.42,133.64
2026-08-18,SKK05,1617.78,2.8,84.66
2026-08-19,SKK01,1956.47,-2.31,70.54
2026-08-19,SKK02,2810.32,-4.3,131.31
2026-08-19,SKK03,1247.88,0.59,18.02
2026-08-19,SKK04,2410.62,-2.41,73.6
2026-08-19,SKK05,1587.81,2.77,84.59
2026-08-20,SKK01,1956.63,9.77,294.17
2026-08-20,SKK02,2777.7,-3.21,96.65
2026-08-20,SKK03,1264.14,-1.05,31.62
2026-08-20,SKK04,2385.23,-1.2,36.13
2026-08-20,SKK05,1574.68,1.32,39.75
2026-08-21,SKK01,1950.68,2.96,88.37
2026-08-21,SKK02,2782.9,-7.33,218.85
2026-08-21,SKK03,1278.72,1.03,30.75
2026-08-21,SKK04,2410.57,-3.39,101.21
2026-08-21,SKK05,1579.38,-0.37,11.05
2026-08-22,SKK01,1710.31,0.2,5.23
2026-08-22,SKK02,2390.32,3.82,99.83
2026-08-22,SKK03,1118.2,-0.09,2.35
2026-08-22,SKK04,2070.87,0.12,3.14
2026-08-22,SKK05,1386.57,-1.69,44.17
2026-08-23,SKK01,1825.65,0.18,4.69
2026-08-23,SKK02,2623.13,-3.22,83.94
2026-08-23,SKK03,1174.31,2.25,58.65
2026-08-23,SKK04,2183.69,-2.05,53.44
2026-08-23,SKK05,1454.29,-0.37,9.65
2026-08-24,SKK01,1976.18,-0.55,16.33
2026-08-24,SKK02,2771.97,-0.02,0.59
2026-08-24,SKK03,1217.45,0.4,11.88
2026-08-24,SKK04,2371.14,-0.99,29.4
2026-08-24,SKK05,1616.66,-0.69,20.49
2026-08-25,SKK01,1917.03,-2.48,76.31
2026-08-25,SKK02,2676.13,-2.09,64.31
2026-08-25,SKK03,1190.77,-2.54,78.15
2026-08-25,SKK04,2291.24,3.72,114.46
2026-08-25,SKK05,1515.04,-2.76,84.92
2026-08-26,SKK01,1865.02,2.56,76.16
2026-08-26,SKK02,2698.3,-0.94,27.96
2026-08-26,SKK03,1194.28,-3.44,102.33
2026-08-26,SKK04,2304.39,2.28,67.83
2026-08-26,SKK05,1522.49,-5.7,169.57
2026-08-27,SKK01,1878.58,-0.69,20.44
2026-08-27,SKK02,2625.49,-2.5,74.07
2026-08-27,SKK03,1161.61,0.93,27.56
2026-08-27,SKK04,2236.14,-3.25,96.29
2026-08-27,SKK05,1477.04,3.63,107.55
2026-08-28,SKK01,1905.1,-4.16,128.0
2026-08-28,SKK02,2657.49,-1.3,40.0
2026-08-28,SKK03,1246.55,1.5,46.16
2026-08-28,SKK04,2315.35,1.01,31.08
2026-08-28,SKK05,1564.36,-2.08,64.0
2026-08-29,SKK01,1698.13,-0.95,24.71
2026-08-29,SKK02,2348.51,-0.65,16.91
2026-08-29,SKK03,1068.15,-0.98,25.49
2026-08-29,SKK04,2071.02,-2.43,63.21
2026-08-29,SKK05,1380.14,1.95,50.73
2026-08-30,SKK01,1732.29,2.19,55.23
2026-08-30,SKK02,2377.22,2.2,55.48
2026-08-30,SKK03,1076.95,-1.82,45.9
2026-08-30,SKK04,1990.62,-2.67,67.33
2026-08-30,SKK05,1346.44,-0.53,13.37
2026-08-31,SKK01,2026.47,-4.84,156.04
2026-08-31,SKK02,2825.44,3.56,114.77
2026-08-31,SKK03,1283.08,-0.32,10.32
2026-08-31,SKK04,2433.36,-1.39,44.81
2026-08-31,SKK05,1580.25,-0.99,31.92
2026-09-01,SKK01,2293.37,-1.35,62.26
2026-09-01,SKK02,3154.57,3.99,184.03
2026-09-01,SKK03,1424.89,2.1,96.86
2026-09-01,SKK04,2754.3,0.66,30.44
2026-09-01,SKK05,1826.86,3.39,156.35
2026-09-02,SKK01,2296.75,-2.08,97.29
2026-09-02,SKK02,3232.19,1.0,46.77
2026-09-02,SKK03,1458.62,-0.99,46.3
2026-09-02,SKK04,2742.61,-5.73,268.0
2026-09-02,SKK05,1841.22,-0.08,3.74
2026-09-03,SKK01,2277.64,1.91,86.54
2026-09-03,SKK02,3131.54,2.77,125.5
2026-09-03,SKK03,1430.01,-2.7,122.33
2026-09-03,SKK04,2730.32,-0.75,33.98
2026-09-03,SKK05,1793.37,-0.31,14.05
2026-09-04,SKK01,2278.77,-3.75,174.9
2026-09-04,SKK02,3207.17,-3.06,142.72
2026-09-04,SKK03,1421.82,2.31,107.74
2026-09-04,SKK04,2736.81,-0.64,29.85
2026-09-04,SKK05,1797.88,-2.42,112.87
2026-09-05,SKK01,2188.81,-4.29,173.81
2026-09-05,SKK02,2987.98,6.61,267.81
2026-09-05,SKK03,1385.91,1.53,61.99
2026-09-05,SKK04,2591.23,-0.48,19.45
2026-09-05,SKK05,1769.43,-5.56,225.27
2026-09-06,SKK01,2226.74,-3.26,137.55
2026-09-06,SKK02,3084.27,0.88,37.13
2026-09-06,SKK03,1470.67,-1.64,69.2
2026-09-06,SKK04,2609.2,-4.73,199.57
2026-09-06,SKK05,1736.38,5.51,232.48
2026-09-07,SKK01,2233.52,-3.67,165.66
2026-09-07,SKK02,3166.73,-1.92,86.67
2026-09-07,SKK03,1420.38,0.03,1.35
2026-09-07,SKK04,2688.87,0.21,9.48
2026-09-07,SKK05,1796.63,-1.08,48.75
2026-09-08,SKK01,2273.22,2.38,112.24
2026-09-08,SKK02,3219.7,1.01,47.63
2026-09-08,SKK03,1471.26,-1.3,61.31
2026-09-08,SKK04,2728.54,-6.08,286.73
2026-09-08,SKK05,1798.61,3.67,173.08
2026-09-09,SKK01,2313.72,1.11,52.75
2026-09-09,SKK02,3178.7,-1.08,51.33
2026-09-09,SKK03,1429.85,0.08,3.8
2026-09-09,SKK04,2721.77,4.16,197.7
2026-09-09,SKK05,1824.06,-2.56,121.66
2026-09-10,SKK01,2275.14,2.7,126.9
2026-09-10,SKK02,3267.72,1.85,86.95
2026-09-10,SKK03,1457.86,-1.13,53.11
2026-09-10,SKK04,2719.43,1.21,56.87
2026-09-10,SKK05,1815.36,-4.24,199.27
2026-09-11,SKK01,2264.13,1.44,65.79
2026-09-11,SKK02,3141.95,-4.96,226.62
2026-09-11,SKK03,1434.17,-1.35,61.68
2026-09-11,SKK04,2713.4,4.19,191.44
2026-09-11,SKK05,1769.37,3.38,154.43
2026-09-12,SKK01,2169.83,-1.81,76.29
2026-09-12,SKK02,3065.23,3.1,130.66
2026-09-12,SKK03,1402.98,1.92,80.93
2026-09-12,SKK04,2660.42,0.56,23.6
2026-09-12,SKK05,1735.66,1.72,72.5
2026-09-13,SKK01,2149.02,3.5,145.48
2026-09-13,SKK02,3099.72,-1.53,63.59
2026-09-13,SKK03,1428.85,-2.08,86.45
2026-09-13,SKK04,2645.71,3.58,148.8
2026-09-13,SKK05,1741.88,3.86,160.44
2026-09-14,SKK01,2312.3,-1.46,68.1
2026-09-14,SKK02,3195.96,3.18,148.32
2026-09-14,SKK03,1461.69,1.21,56.43
2026-09-14,SKK04,2744.75,-7.54,351.67
2026-09-14,SKK05,1833.97,-0.74,34.51
2026-09-15,SKK01,2268.25,-2.14,98.81
2026-09-15,SKK02,3187.52,-2.74,126.52
2026-09-15,SKK03,1442.28,-3.32,153.3
2026-09-15,SKK04,2690.66,0.51,23.55
2026-09-15,SKK05,1822.46,-5.69,262.73
2026-09-16,SKK01,2324.04,-1.37,63.59
2026-09-16,SKK02,3173.42,3.71,172.19
2026-09-16,SKK03,1419.93,-3.81,176.83
2026-09-16,SKK04,2736.32,-0.2,9.28
2026-09-16,SKK05,1835.2,1.11,51.52
2026-09-17,SKK01,2270.98,-1.43,65.78
2026-09-17,SKK02,3136.91,-2.05,94.31
2026-09-17,SKK03,1427.48,2.66,122.37
2026-09-17,SKK04,2692.4,-5.02,230.93
2026-09-17,SKK05,1796.43,0.86,39.56
2026-09-18,SKK01,2298.52,5.43,248.98
2026-09-18,SKK02,3246.28,-4.16,190.74
2026-09-18,SKK03,1453.73,2.2,100.87
2026-09-18,SKK04,2727.15,1.89,86.66
2026-09-18,SKK05,1815.04,-0.89,40.81
2026-09-19,SKK01,2155.91,0.73,29.03
2026-09-19,SKK02,3017.29,-5.54,220.28
2026-09-19,SKK03,1335.92,2.25,89.46
2026-09-19,SKK04,2558.01,-0.22,8.75
2026-09-19,SKK05,1729.52,-3.28,130.42
2026-09-20,SKK01,2191.63,-0.41,17.34
2026-09-20,SKK02,3090.94,-0.59,24.95
2026-09-20,SKK03,1394.45,-1.75,73.99
2026-09-20,SKK04,2692.95,-1.55,65.54
2026-09-20,SKK05,1756.08,5.37,227.05
2026-09-21,SKK01,2251.55,0.04,1.88
2026-09-21,SKK02,3215.73,5.42,254.73
2026-09-21,SKK03,1413.33,-1.07,50.29
2026-09-21,SKK04,2758.7,3.23,151.8
2026-09-21,SKK05,1839.25,2.22,104.34
2026-09-22,SKK01,2291.93,0.19,8.86
2026-09-22,SKK02,3218.29,0.9,41.97
2026-09-22,SKK03,1433.03,2.07,96.54
2026-09-22,SKK04,2750.81,-3.42,159.5
2026-09-22,SKK05,1825.36,-1.52,70.89
2026-09-23,SKK01,2288.62,-0.41,19.06
2026-09-23,SKK02,3213.44,-4.56,211.96
2026-09-23,SKK03,1467.88,2.32,107.84
2026-09-23,SKK04,2744.43,1.68,78.09
2026-09-23,SKK05,1830.18,-1.06,49.27
2026-09-24,SKK01,2268.0,-0.6,27.99
2026-09-24,SKK02,3108.76,2.02,94.25
2026-09-24,SKK03,1481.5,1.17,54.59
2026-09-24,SKK04,2788.38,1.25,58.32
2026-09-24,SKK05,1844.73,-5.87,273.88
2026-09-25,SKK01,2255.82,-0.73,33.95
2026-09-25,SKK02,3118.11,-1.28,59.52
2026-09-25,SKK03,1426.52,0.21,9.77
2026-09-25,SKK04,2719.34,0.95,44.18
2026-09-25,SKK05,1833.41,-1.61,74.87
2026-09-26,SKK01,2201.56,-1.98,79.97
2026-09-26,SKK02,3112.63,0.68,27.46
2026-09-26,SKK03,1367.17,2.57,103.8
2026-09-26,SKK04,2618.62,4.37,176.5
2026-09-26,SKK05,1714.7,-4.52,182.56
2026-09-27,SKK01,2194.09,-2.57,107.23
2026-09-27,SKK02,3086.71,-1.69,70.51
2026-09-27,SKK03,1385.07,-1.27,52.99
2026-09-27,SKK04,2671.32,-0.28,11.68
2026-09-27,SKK05,1740.81,6.72,280.38
2026-09-28,SKK01,2272.0,1.52,69.57
2026-09-28,SKK02,3153.28,-0.6,27.46
2026-09-28,SKK03,1456.15,1.65,75.52
2026-09-28,SKK04,2716.79,-0.15,6.87
2026-09-28,SKK05,1804.87,2.96,135.48
2026-09-29,SKK01,2294.49,-2.45,117.12
2026-09-29,SKK02,3244.67,-3.0,143.41
2026-09-29,SKK03,1488.63,-1.98,94.65
2026-09-29,SKK04,2782.13,-0.71,33.94
2026-09-29,SKK05,1837.16,5.3,253.36
2026-09-30,SKK01,2288.35,2.81,134.59
2026-09-30,SKK02,3169.32,2.15,102.98
2026-09-30,SKK03,1410.7,0.0,0.0
2026-09-30,SKK04,2764.68,-0.02,0.96
2026-09-30,SKK05,1848.84,1.08,51.73
2026-10-01,SKK01,2294.53,-0.39,18.17
2026-10-01,SKK02,3170.35,8.53,397.5
2026-10-01,SKK03,1464.82,-1.12,52.19
2026-10-01,SKK04,2760.07,2.49,116.03
2026-10-01,SKK05,1826.71,-2.49,116.03
2026-10-02,SKK01,2278.27,-3.79,174.59
2026-10-02,SKK02,3128.58,1.43,65.87
2026-10-02,SKK03,1420.53,0.54,24.88
2026-10-02,SKK04,2731.32,-3.49,160.77
2026-10-02,SKK05,1787.79,1.32,60.81
2026-10-03,SKK01,2196.94,-0.28,11.91
2026-10-03,SKK02,3121.87,1.21,51.48
2026-10-03,SKK03,1427.0,-0.88,37.44
2026-10-03,SKK04,2667.6,2.49,105.95
2026-10-03,SKK05,1763.47,0.83,35.32
2026-10-04,SKK01,2205.28,-1.3,55.22
2026-10-04,SKK02,3111.06,0.72,30.59
2026-10-04,SKK03,1402.56,-3.61,153.35
2026-10-04,SKK04,2650.51,-0.15,6.37
2026-10-04,SKK05,1799.72,0.8,33.98
2026-10-05,SKK01,2282.91,0.77,35.41
2026-10-05,SKK02,3190.19,-4.43,203.74
2026-10-05,SKK03,1423.52,-3.61,166.03
2026-10-05,SKK04,2718.46,1.06,48.75
2026-10-05,SKK05,1814.99,-8.67,398.74
2026-10-06,SKK01,2271.98,-1.89,87.06
2026-10-06,SKK02,3157.86,3.6,165.83
2026-10-06,SKK03,1489.6,0.78,35.93
2026-10-06,SKK04,2708.26,-3.57,164.45
2026-10-06,SKK05,1799.58,0.01,0.46
2026-10-07,SKK01,2218.87,0.4,18.12
2026-10-07,SKK02,3158.65,2.58,116.88
2026-10-07,SKK03,1429.62,0.24,10.87
2026-10-07,SKK04,2722.22,3.26,147.69
2026-10-07,SKK05,1829.14,0.03,1.36
2026-10-08,SKK01,2316.98,1.73,82.12
2026-10-08,SKK02,3200.53,60.45,2869.54
2026-10-08,SKK03,1442.71,-2.2,104.43
2026-10-08,SKK04,2748.33,2.33,110.6
2026-10-08,SKK05,1837.65,-0.67,31.8
2026-10-09,SKK01,2270.52,-2.89,137.48
2026-10-09,SKK02,3210.7,-3.53,167.92
2026-10-09,SKK03,1470.33,1.0,47.57
2026-10-09,SKK04,2675.73,1.53,72.78
2026-10-09,SKK05,1806.64,2.87,136.53
2026-10-10,SKK01,2170.82,-0.9,35.57
2026-10-10,SKK02,3002.85,-5.29,209.09
2026-10-10,SKK03,1297.56,1.88,74.31
2026-10-10,SKK04,2554.17,0.48,18.97
2026-10-10,SKK05,1687.39,-2.8,110.67
2026-10-11,SKK01,2157.21,-4.69,196.28
2026-10-11,SKK02,3055.92,1.67,69.89
2026-10-11,SKK03,1388.01,-947.47,39653.2
2026-10-11,SKK04,2593.83,-1.72,71.98
2026-10-11,SKK05,1743.34,1.81,75.75
2026-10-12,SKK01,2322.17,2.0,96.61
2026-10-12,SKK02,3260.48,6.53,315.44
2026-10-12,SKK03,1448.8,-514.86,24870.96
2026-10-12,SKK04,2749.95,-5.68,274.38
2026-10-12,SKK05,1864.5,-0.84,40.58
2026-10-13,SKK01,2264.62,0.84,39.07
2026-10-13,SKK02,3221.88,-5.24,243.74
2026-10-13,SKK03,1485.58,-0.7,32.56
2026-10-13,SKK04,2731.22,3.32,154.43
2026-10-13,SKK05,1838.85,-0.4,18.61
2026-10-14,SKK01,2215.33,-1.74,80.35
2026-10-14,SKK02,3193.06,-0.55,25.4
2026-10-14,SKK03,1474.79,-0.68,31.4
2026-10-14,SKK04,2813.28,-4.23,195.34
2026-10-14,SKK05,1858.5,-1.27,58.65
2026-10-15,SKK01,2267.43,1.63,76.61
2026-10-15,SKK02,3169.98,4.52,212.43
2026-10-15,SKK03,1452.39,-1.62,76.14
2026-10-15,SKK04,2736.57,1.81,85.07
2026-10-15,SKK05,1871.84,-3.17,148.99
2026-10-16,SKK01,2311.61,-0.21,10.15
2026-10-16,SKK02,3154.83,1.49,72.02
2026-10-16,SKK03,1469.02,-1.25,60.42
2026-10-16,SKK04,2773.76,2.35,113.58
2026-10-16,SKK05,1851.19,-4.85,234.42
2026-10-17,SKK01,2168.68,1.91,78.02
2026-10-17,SKK02,3021.4,2.46,100.49
2026-10-17,SKK03,1390.27,-3.46,141.34
2026-10-17,SKK04,2616.03,-0.97,39.62
2026-10-17,SKK05,1694.09,1.96,80.07
2026-10-18,SKK01,2188.35,1.11,47.11
2026-10-18,SKK02,3079.33,-1.59,67.48
2026-10-18,SKK03,1377.98,0.33,14.01
2026-10-18,SKK04,2681.75,-5.74,243.61
2026-10-18,SKK05,1770.33,1.1,46.68
2026-10-19,SKK01,2239.74,3.15,146.43
2026-10-19,SKK02,3229.08,-1.87,86.93
2026-10-19,SKK03,1424.02,0.79,36.72
2026-10-19,SKK04,2767.97,7.4,343.98
2026-10-19,SKK05,1824.04,-0.54,25.1
2026-10-20,SKK01,2260.61,-3.23,150.25
2026-10-20,SKK02,3160.0,-1.42,66.05
2026-10-20,SKK03,1437.78,-1.1,51.17
2026-10-20,SKK04,2719.47,-3.04,141.41
2026-10-20,SKK05,1796.79,0.56,26.05
2026-10-21,SKK01,2279.24,2.62,120.61
2026-10-21,SKK02,3161.09,3.44,158.36
2026-10-21,SKK03,1444.4,3.24,149.15
2026-10-21,SKK04,2738.99,6.56,301.99
2026-10-21,SKK05,1797.47,-1.13,52.02
2026-10-22,SKK01,2313.35,-5.41,250.17
2026-10-22,SKK02,3194.05,-5.33,246.47
2026-10-22,SKK03,1401.19,0.09,4.16
2026-10-22,SKK04,2729.69,-3.67,169.71
2026-10-22,SKK05,1818.15,1.45,67.05
2026-10-23,SKK01,2273.75,6.0,276.47
2026-10-23,SKK02,3182.19,2.77,127.64
2026-10-23,SKK03,1453.02,-1.93,88.93
2026-10-23,SKK04,2716.69,1.59,73.27
2026-10-23,SKK05,1784.56,0.27,12.44
2026-10-24,SKK01,2196.29,1.69,73.26
2026-10-24,SKK02,3106.45,-3.46,149.98
2026-10-24,SKK03,1414.43,-0.06,2.6
2026-10-24,SKK04,2658.59,1.95,84.53
2026-10-24,SKK05,1789.35,1.63,70.66
2026-10-25,SKK01,2226.41,-1.83,76.72
2026-10-25,SKK02,3092.51,-5.18,217.15
2026-10-25,SKK03,1421.7,-1.12,46.95
2026-10-25,SKK04,2561.28,3.14,131.63
2026-10-25,SKK05,1775.17,-0.73,30.6
2026-10-26,SKK01,2309.69,4.12,188.68
2026-10-26,SKK02,3141.25,0.16,7.33
2026-10-26,SKK03,1470.77,1.35,61.82
2026-10-26,SKK04,2753.53,-2.11,96.63
2026-10-26,SKK05,1770.41,-0.27,12.36
2026-10-27,SKK01,2277.72,2.09,98.54
2026-10-27,SKK02,3219.14,-0.89,41.96
2026-10-27,SKK03,1441.71,3.02,142.39
2026-10-27,SKK04,2733.58,0.92,43.38
2026-10-27,SKK05,1809.13,0.14,6.6
2026-10-28,SKK01,2274.32,-2.42,111.36
2026-10-28,SKK02,3167.89,1.7,78.23
2026-10-28,SKK03,1448.63,1.44,66.26
2026-10-28,SKK04,2757.85,-5.09,234.22
2026-10-28,SKK05,1804.61,-2.26,103.99
2026-10-29,SKK01,2286.04,2.29,104.63
2026-10-29,SKK02,3147.56,-2.16,98.69
2026-10-29,SKK03,1469.25,-1.88,85.9
2026-10-29,SKK04,2647.69,-1.65,75.39
2026-10-29,SKK05,1817.69,-2.29,104.63
2026-10-30,SKK01,2260.62,6.74,320.43
2026-10-30,SKK02,3216.94,3.15,149.76
2026-10-30,SKK03,1445.24,-1.57,74.64
2026-10-30,SKK04,2797.72,-0.47,22.34
2026-10-30,SKK05,1855.9,1.05,49.92
2026-10-31,SKK01,2172.79,1.63,65.4
2026-10-31,SKK02,3010.2,-6.76,271.25
2026-10-31,SKK03,1365.4,-1.06,42.53
2026-10-31,SKK04,2589.66,-1.44,57.78
2026-10-31,SKK05,1708.01,-4.45,178.56
2026-11-01,SKK01,2193.79,-3.69,155.31
2026-11-01,SKK02,3128.36,5.33,224.34
2026-11-01,SKK03,1404.7,-1.3,54.72
2026-11-01,SKK04,2658.49,1.03,43.35
2026-11-01,SKK05,1783.09,3.69,155.31
2026-11-02,SKK01,2266.19,-0.97,45.34
2026-11-02,SKK02,3243.54,0.28,13.09
2026-11-02,SKK03,1434.99,-2.74,128.07
2026-11-02,SKK04,2706.48,-2.16,100.96
2026-11-02,SKK05,1843.98,-5.82,272.04
2026-11-03,SKK01,2294.62,-1.31,60.94
2026-11-03,SKK02,3166.99,1.72,80.02
2026-11-03,SKK03,1428.75,-1.1,51.17
2026-11-03,SKK04,2718.53,4.81,223.77
2026-11-03,SKK05,1767.33,1.02,47.45
2026-11-04,SKK01,2255.28,0.53,24.67
2026-11-04,SKK02,3153.73,1.52,70.76
2026-11-04,SKK03,1451.05,2.21,102.88
2026-11-04,SKK04,2675.35,2.26,105.21
2026-11-04,SKK05,1822.7,0.07,3.26
2026-11-05,SKK01,2288.46,1.41,65.42
2026-11-05,SKK02,3198.36,-2.04,94.66
2026-11-05,SKK03,1476.02,-0.47,21.81
2026-11-05,SKK04,2707.19,-0.59,27.38
2026-11-05,SKK05,1874.35,-115.86,5375.86
2026-11-06,SKK01,2327.95,6.42,303.45
2026-11-06,SKK02,3228.68,4.59,216.95
2026-11-06,SKK03,1467.86,-0.07,3.31
2026-11-06,SKK04,2792.31,-0.71,33.56
2026-11-06,SKK05,1799.79,-165.61,7827.83
2026-11-07,SKK01,2192.2,-0.94,39.42
2026-11-07,SKK02,3079.91,2.69,112.82
2026-11-07,SKK03,1420.27,-0.89,37.33
2026-11-07,SKK04,2661.7,-3.65,153.08
2026-11-07,SKK05,1759.43,-163.16,6842.73
2026-11-08,SKK01,2228.9,3.72,158.64
2026-11-08,SKK02,3051.82,5.54,236.25
2026-11-08,SKK03,1398.61,-1.84,78.47
2026-11-08,SKK04,2605.3,1.23,52.45
2026-11-08,SKK05,1751.34,-162.66,6936.5
2026-11-09,SKK01,2325.04,-0.31,14.48
2026-11-09,SKK02,3205.58,1.27,59.33
2026-11-09,SKK03,1434.64,3.21,149.97
2026-11-09,SKK04,2757.07,1.93,90.17
2026-11-09,SKK05,1829.37,-167.35,7818.38
2026-11-10,SKK01,2233.61,4.62,211.4
2026-11-10,SKK02,3216.59,-2.77,126.75
2026-11-10,SKK03,1381.92,1.51,69.09
2026-11-10,SKK04,2678.25,3.31,151.45
2026-11-10,SKK05,1801.93,-165.7,7581.88
2026-11-11,SKK01,2307.43,2.56,117.5
2026-11-11,SKK02,3220.45,3.22,147.8
2026-11-11,SKK03,1470.15,0.76,34.88
2026-11-11,SKK04,2735.51,7.2,330.47
2026-11-11,SKK05,1825.71,-167.12,7670.67
2026-11-12,SKK01,2249.17,-0.25,11.25
2026-11-12,SKK02,3152.33,2.01,90.46
2026-11-12,SKK03,1429.69,-2.35,105.76
2026-11-12,SKK04,2774.25,-2.49,112.07
2026-11-12,SKK05,1820.01,-166.82,7507.94
2026-11-13,SKK01,2296.11,-1.54,73.79
2026-11-13,SKK02,3223.98,-4.08,195.5
2026-11-13,SKK03,1442.55,-2.04,97.75
2026-11-13,SKK04,2802.29,2.96,141.83
2026-11-13,SKK05,1866.39,-169.61,8127.22
2026-11-14,SKK01,2165.23,0.6,25.26
2026-11-14,SKK02,3074.16,3.28,138.06
2026-11-14,SKK03,1427.94,2.13,89.66
2026-11-14,SKK04,2611.49,3.49,146.9
2026-11-14,SKK05,1757.87,-163.04,6862.69
2026-11-15,SKK01,2189.1,0.16,6.43
2026-11-15,SKK02,2987.93,1.35,54.22
2026-11-15,SKK03,1358.01,-2.5,100.4
2026-11-15,SKK04,2595.95,0.21,8.43
2026-11-15,SKK05,1766.49,-163.6,6570.38
2026-11-16,SKK01,2235.6,-1.68,76.52
2026-11-16,SKK02,3084.58,0.13,5.92
2026-11-16,SKK03,1449.8,-2.28,103.85
2026-11-16,SKK04,2733.65,2.88,131.18
2026-11-16,SKK05,1789.82,-164.95,7512.99
2026-11-17,SKK01,2299.1,0.02,0.92
2026-11-17,SKK02,3159.81,0.95,43.72
2026-11-17,SKK03,1423.67,0.15,6.9
2026-11-17,SKK04,2699.88,-3.18,146.34
2026-11-17,SKK05,1796.41,-165.4,7611.43
2026-11-18,SKK01,2299.63,1.65,78.05
2026-11-18,SKK02,3202.94,-3.53,166.97
2026-11-18,SKK03,1482.9,-3.5,165.56
2026-11-18,SKK04,2777.34,-1.45,68.59
2026-11-18,SKK05,1843.52,-168.22,7957.09
2026-11-19,SKK01,2304.79,1.55,72.75
2026-11-19,SKK02,3202.01,-2.68,125.79
2026-11-19,SKK03,1435.72,-0.73,34.26
2026-11-19,SKK04,2803.5,1.35,63.37
2026-11-19,SKK05,1837.63,-167.88,7879.87
2026-11-20,SKK01,2280.34,2.27,103.88
2026-11-20,SKK02,3187.93,-1.07,48.97
2026-11-20,SKK03,1458.02,-0.54,24.71
2026-11-20,SKK04,2705.73,2.98,136.37
2026-11-20,SKK05,1796.71,-165.41,7569.51
2026-11-21,SKK01,2114.08,-0.83,32.78
2026-11-21,SKK02,2994.13,3.39,133.9
2026-11-21,SKK03,1363.77,-1.94,76.63
2026-11-21,SKK04,2610.62,-0.56,22.12
2026-11-21,SKK05,1727.37,-161.28,6370.29
2026-11-22,SKK01,2194.35,-0.33,13.83
2026-11-22,SKK02,3105.45,2.15,90.13
2026-11-22,SKK03,1408.08,0.05,2.1
2026-11-22,SKK04,2667.97,1.34,56.17
2026-11-22,SKK05,1744.72,-162.28,6802.98
2026-11-23,SKK01,2269.88,5.43,249.67
2026-11-23,SKK02,3125.65,0.66,30.35
2026-11-23,SKK03,1451.66,-0.8,36.78
2026-11-23,SKK04,2735.21,-1.6,73.57
2026-11-23,SKK05,1821.87,-166.93,7675.37
2026-11-24,SKK01,2323.73,-3.58,163.43
2026-11-24,SKK02,3141.47,0.27,12.33
2026-11-24,SKK03,1445.13,2.51,114.58
2026-11-24,SKK04,2738.93,-1.8,82.17
2026-11-24,SKK05,1833.91,-167.64,7652.91
2026-11-25,SKK01,2257.76,-0.04,1.88
2026-11-25,SKK02,3206.83,-2.39,112.15
2026-11-25,SKK03,1472.65,-2.39,112.15
2026-11-25,SKK04,2717.55,-1.78,83.53
2026-11-25,SKK05,1803.12,-165.8,7780.37
2026-11-26,SKK01,2198.94,-0.98,45.55
2026-11-26,SKK02,3202.53,7.87,365.82
2026-11-26,SKK03,1442.66,2.61,121.32
2026-11-26,SKK04,2762.61,-3.28,152.46
2026-11-26,SKK05,1812.55,-166.34,7731.9
2026-11-27,SKK01,2321.91,-1.19,56.43
2026-11-27,SKK02,3121.96,1.5,71.14
2026-11-27,SKK03,1472.38,-0.77,36.52
2026-11-27,SKK04,2704.21,1.08,51.22
2026-11-27,SKK05,1875.28,-170.13,8068.2
2026-11-28,SKK01,2182.92,1.83,76.27
2026-11-28,SKK02,3039.5,0.73,30.42
2026-11-28,SKK03,1424.6,-0.71,29.59
2026-11-28,SKK04,2609.32,-1.01,42.09
2026-11-28,SKK05,1742.31,-162.15,6758.07
2026-11-29,SKK01,2172.74,-0.25,10.41
2026-11-29,SKK02,3071.75,-6.16,256.46
2026-11-29,SKK03,1359.22,-2.58,107.41
2026-11-29,SKK04,2622.14,-1.44,59.95
2026-11-29,SKK05,1771.71,-163.92,6824.47
2026-11-30,SKK01,2304.48,1.21,57.09
2026-11-30,SKK02,3172.91,-4.53,213.74
2026-11-30,SKK03,1482.12,1.47,69.36
2026-11-30,SKK04,2745.77,-2.91,137.3
2026-11-30,SKK05,1836.93,-62.05,2927.75
2026-12-01,SKK01,2430.09,2.05,110.48
2026-12-01,SKK02,3386.99,1.09,58.74
2026-12-01,SKK03,1558.53,-1.71,92.15
2026-12-01,SKK04,2877.46,-2.34,126.1
2026-12-01,SKK05,1943.39,1.53,82.45
2026-12-02,SKK01,2448.95,0.22,12.29
2026-12-02,SKK02,3420.29,0.01,0.56
2026-12-02,SKK03,1544.43,-1.65,92.16
2026-12-02,SKK04,2876.71,-1.48,82.67
2026-12-02,SKK05,1956.62,-0.4,22.34
2026-12-03,SKK01,2454.82,2.91,155.98
2026-12-03,SKK02,3390.78,3.93,210.66
2026-12-03,SKK03,1514.2,0.62,33.23
2026-12-03,SKK04,2873.49,0.33,17.69
2026-12-03,SKK05,1931.85,2.02,108.28
2026-12-04,SKK01,2438.11,4.15,229.49
2026-12-04,SKK02,3462.55,-1.06,58.62
2026-12-04,SKK03,1586.09,3.42,189.12
2026-12-04,SKK04,2979.24,-0.12,6.64
2026-12-04,SKK05,1958.89,-2.16,119.45
2026-12-05,SKK01,2337.46,-2.95,148.03
2026-12-05,SKK02,3297.24,-0.28,14.05
2026-12-05,SKK03,1488.12,-1.38,69.25
2026-12-05,SKK04,2857.35,5.01,251.4
2026-12-05,SKK05,1863.59,-1.68,84.3
2026-12-06,SKK01,2343.26,-2.28,110.13
2026-12-06,SKK02,3281.11,0.27,13.04
2026-12-06,SKK03,1480.89,1.04,50.23
2026-12-06,SKK04,2783.21,1.81,87.43
2026-12-06,SKK05,1868.93,3.72,179.68
2026-12-07,SKK01,2399.92,-3.25,173.43
2026-12-07,SKK02,3355.18,0.73,38.96
2026-12-07,SKK03,1516.91,-1.86,99.26
2026-12-07,SKK04,2962.94,-3.61,192.65
2026-12-07,SKK05,1914.37,-4.62,246.54
2026-12-08,SKK01,2444.61,0.15,8.24
2026-12-08,SKK02,3364.73,5.35,293.84
2026-12-08,SKK03,1564.24,2.23,122.48
2026-12-08,SKK04,2912.04,1.58,86.78
2026-12-08,SKK05,1924.33,-3.88,213.1
2026-12-09,SKK01,2390.98,0.44,23.6
2026-12-09,SKK02,3394.65,-4.01,215.11
2026-12-09,SKK03,1512.37,2.44,130.89
2026-12-09,SKK04,2874.94,0.6,32.19
2026-12-09,SKK05,1923.13,0.03,1.61
2026-12-10,SKK01,2431.87,-1.8,99.28
2026-12-10,SKK02,3367.76,1.67,92.11
2026-12-10,SKK03,1569.17,-0.52,28.68
2026-12-10,SKK04,2993.82,-2.08,114.72
2026-12-10,SKK05,1921.57,6.88,379.47
2026-12-11,SKK01,2428.86,-2.44,132.27
2026-12-11,SKK02,3418.44,-0.3,16.26
2026-12-11,SKK03,1535.81,-0.7,37.95
2026-12-11,SKK04,2904.76,5.75,311.7
2026-12-11,SKK05,1909.75,2.38,129.02
2026-12-12,SKK01,2363.7,3.78,186.65
2026-12-12,SKK02,3228.43,5.26,259.73
2026-12-12,SKK03,1414.56,-0.48,23.7
2026-12-12,SKK04,2820.12,-0.46,22.71
2026-12-12,SKK05,1877.5,0.63,31.11
2026-12-13,SKK01,2364.72,-2.13,109.68
2026-12-13,SKK02,3291.19,0.99,50.98
2026-12-13,SKK03,1519.22,0.22,11.33
2026-12-13,SKK04,2854.34,-3.06,157.56
2026-12-13,SKK05,1868.84,1.55,79.81
2026-12-14,SKK01,2401.13,1.71,92.84
2026-12-14,SKK02,3398.37,-1.38,74.92
2026-12-14,SKK03,1524.09,-0.26,14.12
2026-12-14,SKK04,2884.32,-3.18,172.64
2026-12-14,SKK05,1921.0,3.07,166.67
2026-12-15,SKK01,2420.12,-0.18,9.78
2026-12-15,SKK02,3397.76,0.99,53.8
2026-12-15,SKK03,1511.38,-1.12,60.86
2026-12-15,SKK04,2864.71,0.67,36.41
2026-12-15,SKK05,1972.44,1.04,56.52
2026-12-16,SKK01,2486.85,2.36,128.01
2026-12-16,SKK02,3380.07,5.41,293.46
2026-12-16,SKK03,1518.59,-1.18,64.01
2026-12-16,SKK04,2882.94,0.83,45.02
2026-12-16,SKK05,1907.14,-0.09,4.88
2026-12-17,SKK01,2360.97,0.64,35.07
2026-12-17,SKK02,3382.18,0.84,46.03
2026-12-17,SKK03,1478.57,-0.74,40.55
2026-12-17,SKK04,2928.55,-2.93,160.55
2026-12-17,SKK05,1948.82,1.2,65.75
2026-12-18,SKK01,2431.7,-0.56,30.52
2026-12-18,SKK02,3351.08,-3.35,182.58
2026-12-18,SKK03,1569.07,0.05,2.73
2026-12-18,SKK04,2953.17,0.86,46.87
2026-12-18,SKK05,1905.19,-0.26,14.17
2026-12-19,SKK01,2357.7,-1.68,83.61
2026-12-19,SKK02,3263.09,-7.3,363.32
2026-12-19,SKK03,1453.58,0.54,26.88
2026-12-19,SKK04,2864.36,1.54,76.65
2026-12-19,SKK05,1851.17,0.96,47.78
2026-12-20,SKK01,2360.97,4.09,199.31
2026-12-20,SKK02,3235.88,-3.4,165.68
2026-12-20,SKK03,1476.6,0.59,28.75
2026-12-20,SKK04,2770.35,1.17,57.01
2026-12-20,SKK05,1862.85,-1.42,69.2
2026-12-21,SKK01,2344.4,1.9,103.5
2026-12-21,SKK02,3361.07,10.08,549.09
2026-12-21,SKK03,1553.25,-2.87,156.34
2026-12-21,SKK04,2925.25,-2.95,160.7
2026-12-21,SKK05,1900.67,3.71,202.09
2026-12-22,SKK01,2412.46,3.2,175.57
2026-12-22,SKK02,3386.4,-13.0,713.24
2026-12-22,SKK03,1540.14,-2.27,124.54
2026-12-22,SKK04,2918.24,-0.78,42.79
2026-12-22,SKK05,1952.41,2.52,138.26
2026-12-23,SKK01,2345.31,3.24,172.52
2026-12-23,SKK02,3384.72,2.89,153.89
2026-12-23,SKK03,1555.74,2.16,115.02
2026-12-23,SKK04,2841.58,-2.6,138.45
2026-12-23,SKK05,1898.34,-2.84,151.23
2026-12-24,SKK01,2434.32,0.42,23.04
2026-12-24,SKK02,3406.79,-3.52,193.07
2026-12-24,SKK03,1533.39,1.95,106.96
2026-12-24,SKK04,2912.89,-7.81,428.39
2026-12-24,SKK05,1955.15,-2.13,116.83
2026-12-25,SKK01,2479.81,1.14,63.72
2026-12-25,SKK02,3427.2,1.67,93.34
2026-12-25,SKK03,1601.17,-0.05,2.79
2026-12-25,SKK04,2932.58,3.73,208.49
2026-12-25,SKK05,1967.36,-2.78,155.39
2026-12-26,SKK01,2318.44,-0.68,33.77
2026-12-26,SKK02,3312.75,4.46,221.49
2026-12-26,SKK03,1459.81,-1.31,65.06
2026-12-26,SKK04,2849.15,2.02,100.32
2026-12-26,SKK05,1914.9,4.78,237.39
2026-12-27,SKK01,2362.28,-2.34,118.42
2026-12-27,SKK02,3294.57,-0.91,46.05
2026-12-27,SKK03,1485.86,3.61,182.69
2026-12-27,SKK04,2835.93,0.15,7.59
2026-12-27,SKK05,1865.06,-1.49,75.4
2026-12-28,SKK01,2391.98,4.36,236.77
2026-12-28,SKK02,3358.79,-5.2,282.39
2026-12-28,SKK03,1510.33,0.6,32.58
2026-12-28,SKK04,2949.36,-3.43,186.27
2026-12-28,SKK05,1948.09,-0.11,5.97
2026-12-29,SKK01,2441.64,4.26,229.32
2026-12-29,SKK02,3389.12,-4.75,255.7
2026-12-29,SKK03,1509.65,-0.41,22.07
2026-12-29,SKK04,2885.18,-0.96,51.68
2026-12-29,SKK05,1918.53,1.49,80.21
2026-12-30,SKK01,2409.51,5.33,289.89
2026-12-30,SKK02,3346.78,3.28,178.4
2026-12-30,SKK03,1534.81,-0.97,52.76
2026-12-30,SKK04,2906.77,-5.75,312.74
2026-12-30,SKK05,1897.79,1.39,75.6
2026-12-31,SKK01,2455.36,-2.5,137.36
2026-12-31,SKK02,3420.91,5.32,292.3
2026-12-31,SKK03,1539.95,-2.27,124.72
2026-12-31,SKK04,2868.47,2.34,128.57
2026-12-31,SKK05,1969.1,1.16,63.73
