Date,PlantID,Predicted_Diff_MWh,Risk_Flag
2026-01-01,SKK01,-0.06,HIGH
2026-01-02,SKK01,-0.01,HIGH
2026-01-03,SKK01,0.09,HIGH
2026-01-04,SKK01,0.03,HIGH
2026-01-05,SKK01,-1.2,HIGH
2026-01-06,SKK01,-0.05,LOW
2026-01-07,SKK01,0.02,LOW
2026-01-08,SKK01,0.01,LOW
2026-01-09,SKK01,0.03,HIGH
2026-01-10,SKK01,0.09,HIGH
2026-01-11,SKK01,0.16,HIGH
2026-01-12,SKK01,0.07,HIGH
2026-01-13,SKK01,-0.11,HIGH
2026-01-14,SKK01,0.03,HIGH
2026-01-15,SKK01,0.03,HIGH
2026-01-16,SKK01,-0.33,LOW
2026-01-17,SKK01,-0.22,HIGH
2026-01-18,SKK01,0.24,HIGH
2026-01-19,SKK01,0.13,LOW
2026-01-20,SKK01,0.09,LOW
2026-01-21,SKK01,0.02,LOW
2026-01-22,SKK01,0.06,HIGH
2026-01-23,SKK01,-0.08,HIGH
2026-01-24,SKK01,0.39,HIGH
2026-01-25,SKK01,0.04,LOW
2026-01-26,SKK01,0.02,LOW
2026-01-27,SKK01,-0.01,LOW
2026-01-28,SKK01,0.15,HIGH
2026-01-29,SKK01,0.11,LOW
2026-01-30,SKK01,-0.11,HIGH
2026-01-31,SKK01,0.18,LOW
2026-02-01,SKK01,0.06,LOW
2026-02-02,SKK01,0.01,LOW
2026-02-03,SKK01,-0.06,LOW
2026-02-04,SKK01,0.04,LOW
2026-02-05,SKK01,0.08,HIGH
2026-02-06,SKK01,-6.11,HIGH
2026-02-07,SKK01,0.04,HIGH
2026-02-08,SKK01,0.08,HIGH
2026-02-09,SKK01,-0.01,LOW
2026-02-10,SKK01,0.03,LOW
2026-02-11,SKK01,0.01,HIGH
2026-02-12,SKK01,-0.04,HIGH
2026-02-13,SKK01,0.11,HIGH
2026-02-14,SKK01,0.01,HIGH
2026-02-15,SKK01,0.02,HIGH
2026-02-16,SKK01,0.23,HIGH
2026-02-17,SKK01,0.04,HIGH
2026-02-18,SKK01,-0.0,LOW
2026-02-19,SKK01,0.04,HIGH
2026-02-20,SKK01,0.02,HIGH
2026-02-21,SKK01,0.3,HIGH
2026-02-22,SKK01,0.16,HIGH
2026-02-23,SKK01,0.11,LOW
2026-02-24,SKK01,0.04,LOW
2026-02-25,SKK01,-0.05,HIGH
2026-02-26,SKK01,0.24,LOW
2026-02-27,SKK01,0.05,LOW
2026-02-28,SKK01,0.19,HIGH
2026-03-01,SKK01,0.02,LOW
2026-03-02,SKK01,-0.14,LOW
2026-03-03,SKK01,-0.06,LOW
2026-03-04,SKK01,0.01,HIGH
2026-03-05,SKK01,-0.21,LOW
2026-03-06,SKK01,-0.21,HIGH
2026-03-07,SKK01,0.15,HIGH
2026-03-08,SKK01,-0.0,HIGH
2026-03-09,SKK01,-0.38,HIGH
2026-03-10,SKK01,-0.03,HIGH
2026-03-11,SKK01,-0.03,HIGH
2026-03-12,SKK01,72.96,HIGH
2026-03-13,SKK01,40.58,HIGH
2026-03-14,SKK01,40.45,HIGH
2026-03-15,SKK01,40.45,HIGH
2026-03-16,SKK01,57.11,HIGH
2026-03-17,SKK01,26.96,HIGH
2026-03-18,SKK01,18.55,HIGH
2026-03-19,SKK01,24.31,HIGH
2026-03-20,SKK01,24.1,HIGH
2026-03-21,SKK01,24.28,LOW
2026-03-22,SKK01,6.81,HIGH
2026-03-23,SKK01,-0.14,HIGH
2026-03-24,SKK01,-0.0,HIGH
2026-03-25,SKK01,-0.16,LOW
2026-03-26,SKK01,-0.3,HIGH
2026-03-27,SKK01,0.03,HIGH
2026-03-28,SKK01,-0.14,HIGH
2026-03-29,SKK01,0.1,HIGH
2026-03-30,SKK01,-0.54,HIGH
2026-03-31,SKK01,-0.01,HIGH
2026-04-01,SKK01,15.1,HIGH
2026-04-02,SKK01,23.84,HIGH
2026-04-03,SKK01,-0.08,HIGH
2026-04-04,SKK01,-0.34,HIGH
2026-04-05,SKK01,-0.14,HIGH
2026-04-06,SKK01,-0.32,HIGH
2026-04-07,SKK01,-1.06,HIGH
2026-04-08,SKK01,-1.23,HIGH
2026-04-09,SKK01,4.5,HIGH
2026-04-10,SKK01,1.65,HIGH
2026-04-11,SKK01,11.36,HIGH
2026-04-12,SKK01,17.57,HIGH
2026-04-13,SKK01,18.77,HIGH
2026-04-14,SKK01,-0.09,HIGH
2026-04-15,SKK01,-0.07,HIGH
2026-04-16,SKK01,0.08,HIGH
2026-04-17,SKK01,-0.12,HIGH
2026-04-18,SKK01,0.13,HIGH
2026-04-19,SKK01,-0.11,HIGH
2026-04-20,SKK01,-0.1,HIGH
2026-04-21,SKK01,-0.08,HIGH
2026-04-22,SKK01,-0.03,HIGH
2026-04-23,SKK01,-0.17,HIGH
2026-04-24,SKK01,-0.2,HIGH
2026-04-25,SKK01,-0.08,HIGH
2026-04-26,SKK01,-0.14,HIGH
2026-04-27,SKK01,0.03,HIGH
2026-04-28,SKK01,0.03,HIGH
2026-04-29,SKK01,-0.08,HIGH
2026-04-30,SKK01,-0.07,HIGH
2026-05-01,SKK01,-0.09,HIGH
2026-05-02,SKK01,-0.09,HIGH
2026-05-03,SKK01,-0.07,HIGH
2026-05-04,SKK01,-0.32,HIGH
2026-05-05,SKK01,-0.08,HIGH
2026-05-06,SKK01,-0.04,HIGH
2026-05-07,SKK01,-0.03,HIGH
2026-05-08,SKK01,-0.15,HIGH
2026-05-09,SKK01,0.02,HIGH
2026-05-10,SKK01,-0.08,HIGH
2026-05-11,SKK01,0.1,HIGH
2026-05-12,SKK01,-0.14,HIGH
2026-05-13,SKK01,-0.14,HIGH
2026-05-14,SKK01,-0.08,HIGH
2026-05-15,SKK01,0.23,HIGH
2026-05-16,SKK01,-0.09,LOW
2026-05-17,SKK01,0.0,HIGH
2026-05-18,SKK01,-0.07,LOW
2026-05-19,SKK01,-0.09,HIGH
2026-05-20,SKK01,0.08,HIGH
2026-05-21,SKK01,-1.23,HIGH
2026-05-22,SKK01,-0.11,HIGH
2026-05-23,SKK01,3.47,HIGH
2026-05-24,SKK01,-0.09,HIGH
2026-05-25,SKK01,-0.05,HIGH
2026-05-26,SKK01,-0.1,HIGH
2026-05-27,SKK01,-0.33,HIGH
2026-05-28,SKK01,0.08,HIGH
2026-05-29,SKK01,-23.32,HIGH
2026-05-30,SKK01,0.14,HIGH
2026-05-31,SKK01,0.03,HIGH
2026-06-01,SKK01,-0.12,LOW
2026-06-02,SKK01,-0.11,LOW
2026-06-03,SKK01,3.62,HIGH
2026-06-04,SKK01,0.3,LOW
2026-06-05,SKK01,-0.27,HIGH
2026-06-06,SKK01,-0.01,LOW
2026-06-07,SKK01,-0.09,LOW
2026-06-08,SKK01,-0.13,LOW
2026-06-09,SKK01,3.71,HIGH
2026-06-10,SKK01,-0.02,HIGH
2026-06-11,SKK01,-0.09,HIGH
2026-06-12,SKK01,-0.05,HIGH
2026-06-13,SKK01,-0.05,LOW
2026-06-14,SKK01,-0.1,LOW
2026-06-15,SKK01,-0.12,HIGH
2026-06-16,SKK01,-0.09,HIGH
2026-06-17,SKK01,-0.15,LOW
2026-06-18,SKK01,-0.12,HIGH
2026-06-19,SKK01,-0.08,HIGH
2026-06-20,SKK01,0.04,HIGH
2026-06-21,SKK01,-0.1,LOW
2026-06-22,SKK01,-0.01,HIGH
2026-06-23,SKK01,-0.05,LOW
2026-06-24,SKK01,-0.09,HIGH
2026-06-25,SKK01,-0.1,HIGH
2026-06-26,SKK01,-0.2,HIGH
2026-06-27,SKK01,-0.18,LOW
2026-06-28,SKK01,-0.14,LOW
2026-06-29,SKK01,-0.15,LOW
2026-06-30,SKK01,-0.11,HIGH
2026-07-01,SKK01,-0.04,HIGH
2026-07-02,SKK01,-0.11,LOW
2026-07-03,SKK01,-0.22,HIGH
2026-07-04,SKK01,-0.19,LOW
2026-07-05,SKK01,-0.12,HIGH
2026-07-06,SKK01,-0.07,HIGH
2026-07-07,SKK01,1.2,LOW
2026-07-08,SKK01,-0.2,LOW
2026-07-09,SKK01,0.04,LOW
2026-07-10,SKK01,-0.18,LOW
2026-07-11,SKK01,-0.11,LOW
2026-07-12,SKK01,-0.07,LOW
2026-07-13,SKK01,0.14,LOW
2026-07-14,SKK01,-0.41,HIGH
2026-07-15,SKK01,-0.1,HIGH
2026-07-16,SKK01,-0.05,HIGH
2026-07-17,SKK01,-0.06,HIGH
2026-07-18,SKK01,-0.08,HIGH
2026-07-19,SKK01,0.0,HIGH
2026-07-20,SKK01,-0.11,LOW
2026-07-21,SKK01,-0.1,HIGH
2026-07-22,SKK01,-0.0,HIGH
2026-07-23,SKK01,-0.07,HIGH
2026-07-24,SKK01,-0.09,HIGH
2026-07-25,SKK01,0.83,HIGH
2026-07-26,SKK01,1.62,HIGH
2026-07-27,SKK01,-0.07,HIGH
2026-07-28,SKK01,28.1,HIGH
2026-07-29,SKK01,-0.07,LOW
2026-07-30,SKK01,-0.12,HIGH
2026-07-31,SKK01,-0.06,LOW
2026-08-01,SKK01,-0.08,HIGH
2026-08-02,SKK01,-0.15,LOW
2026-08-03,SKK01,-0.22,LOW
2026-08-04,SKK01,-0.13,HIGH
2026-08-05,SKK01,-0.09,LOW
2026-08-06,SKK01,-0.16,LOW
2026-08-07,SKK01,-0.1,HIGH
2026-08-08,SKK01,-0.14,LOW
2026-08-09,SKK01,-0.12,HIGH
2026-08-10,SKK01,-0.1,HIGH
2026-08-11,SKK01,-0.16,LOW
2026-08-12,SKK01,-0.19,HIGH
2026-08-13,SKK01,-0.11,LOW
2026-08-14,SKK01,-0.21,LOW
2026-08-15,SKK01,-0.15,HIGH
2026-08-16,SKK01,-0.03,LOW
2026-08-17,SKK01,-0.14,LOW
2026-08-18,SKK01,-0.13,HIGH
2026-08-19,SKK01,-0.08,HIGH
2026-08-20,SKK01,-0.07,HIGH
2026-08-21,SKK01,20.2,HIGH
2026-08-22,SKK01,0.1,LOW
2026-08-23,SKK01,-0.21,LOW
2026-08-24,SKK01,-0.18,LOW
2026-08-25,SKK01,-0.16,LOW
2026-08-26,SKK01,-0.07,HIGH
2026-08-27,SKK01,6.97,LOW
2026-08-28,SKK01,-0.14,HIGH
2026-08-29,SKK01,0.02,HIGH
2026-08-30,SKK01,-0.09,HIGH
2026-08-31,SKK01,-0.08,HIGH
2026-09-01,SKK01,0.16,LOW
2026-09-02,SKK01,-0.06,LOW
2026-09-03,SKK01,0.07,HIGH
2026-09-04,SKK01,0.04,HIGH
2026-09-05,SKK01,0.04,HIGH
2026-09-06,SKK01,0.15,HIGH
2026-09-07,SKK01,-0.26,HIGH
2026-09-08,SKK01,2.4,HIGH
2026-09-09,SKK01,0.02,LOW
2026-09-10,SKK01,-0.04,HIGH
2026-09-11,SKK01,0.06,LOW
2026-09-12,SKK01,0.16,HIGH
2026-09-13,SKK01,-0.01,HIGH
2026-09-14,SKK01,-10.68,HIGH
2026-09-15,SKK01,-0.06,LOW
2026-09-16,SKK01,-0.01,HIGH
2026-09-17,SKK01,-0.02,LOW
2026-09-18,SKK01,-0.03,HIGH
2026-09-19,SKK01,-0.05,LOW
2026-09-20,SKK01,-0.18,LOW
2026-09-21,SKK01,-0.11,LOW
2026-09-22,SKK01,-0.14,LOW
2026-09-23,SKK01,-0.12,LOW
2026-09-24,SKK01,-0.1,LOW
2026-09-25,SKK01,-0.09,LOW
2026-09-26,SKK01,-0.07,HIGH
2026-09-27,SKK01,-0.03,HIGH
2026-09-28,SKK01,-0.03,HIGH
2026-09-29,SKK01,-0.02,HIGH
2026-09-30,SKK01,0.01,HIGH
2026-10-01,SKK01,0.0,HIGH
2026-10-02,SKK01,-0.07,LOW
2026-10-03,SKK01,0.12,LOW
2026-10-04,SKK01,-0.02,LOW
2026-10-05,SKK01,-0.06,LOW
2026-10-06,SKK01,-0.09,HIGH
2026-10-07,SKK01,-0.02,LOW
2026-10-08,SKK01,-0.04,LOW
2026-10-09,SKK01,0.07,HIGH
2026-10-10,SKK01,0.01,HIGH
2026-10-11,SKK01,-0.08,HIGH
2026-10-12,SKK01,-1.15,HIGH
2026-10-13,SKK01,0.0,LOW
2026-10-14,SKK01,-0.06,LOW
2026-10-15,SKK01,0.03,LOW
2026-10-16,SKK01,0.05,LOW
2026-10-17,SKK01,-0.02,LOW
2026-10-18,SKK01,0.17,LOW
2026-10-19,SKK01,-0.03,HIGH
2026-10-20,SKK01,-0.09,HIGH
2026-10-21,SKK01,0.14,HIGH
2026-10-22,SKK01,-0.01,HIGH
2026-10-23,SKK01,0.32,LOW
2026-10-24,SKK01,-0.02,LOW
2026-10-25,SKK01,-0.07,LOW
2026-10-26,SKK01,-0.02,HIGH
2026-10-27,SKK01,0.09,HIGH
2026-10-28,SKK01,0.0,HIGH
2026-10-29,SKK01,0.35,HIGH
2026-10-30,SKK01,0.13,LOW
2026-10-31,SKK01,-0.05,LOW
2026-11-01,SKK01,-0.18,LOW
2026-11-02,SKK01,0.15,LOW
2026-11-03,SKK01,-0.01,LOW
2026-11-04,SKK01,0.05,LOW
2026-11-05,SKK01,-0.04,LOW
2026-11-06,SKK01,0.19,LOW
2026-11-07,SKK01,-0.04,LOW
2026-11-08,SKK01,-5.76,LOW
2026-11-09,SKK01,-0.03,HIGH
2026-11-10,SKK01,-0.02,LOW
2026-11-11,SKK01,-0.0,LOW
2026-11-12,SKK01,-0.04,LOW
2026-11-13,SKK01,-0.03,LOW
2026-11-14,SKK01,-0.02,LOW
2026-11-15,SKK01,-0.02,LOW
2026-11-16,SKK01,-0.07,LOW
2026-11-17,SKK01,-0.02,LOW
2026-11-18,SKK01,0.01,LOW
2026-11-19,SKK01,-0.02,HIGH
2026-11-20,SKK01,0.04,HIGH
2026-11-21,SKK01,-0.11,HIGH
2026-11-22,SKK01,-0.04,LOW
2026-11-23,SKK01,-0.04,HIGH
2026-11-24,SKK01,-0.02,LOW
2026-11-25,SKK01,0.06,LOW
2026-11-26,SKK01,-0.05,LOW
2026-11-27,SKK01,-0.01,LOW
2026-11-28,SKK01,-0.03,LOW
2026-11-29,SKK01,-0.02,LOW
2026-11-30,SKK01,-0.0,LOW
2026-12-01,SKK01,0.03,HIGH
2026-12-02,SKK01,0.1,HIGH
2026-12-03,SKK01,0.09,HIGH
2026-12-04,SKK01,0.14,HIGH
2026-12-05,SKK01,0.02,HIGH
2026-12-06,SKK01,0.17,HIGH
2026-12-07,SKK01,0.1,HIGH
2026-12-08,SKK01,0.42,LOW
2026-12-09,SKK01,0.13,LOW
2026-12-10,SKK01,0.12,LOW
2026-12-11,SKK01,0.11,HIGH
2026-12-12,SKK01,0.16,HIGH
2026-12-13,SKK01,0.18,LOW
2026-12-14,SKK01,0.17,LOW
2026-12-15,SKK01,0.14,LOW
2026-12-16,SKK01,0.08,LOW
2026-12-17,SKK01,0.16,LOW
2026-12-18,SKK01,0.1,LOW
2026-12-19,SKK01,0.06,LOW
2026-12-20,SKK01,0.14,HIGH
2026-12-21,SKK01,0.2,HIGH
2026-12-22,SKK01,0.13,HIGH
2026-12-23,SKK01,0.13,HIGH
2026-12-24,SKK01,0.15,HIGH
2026-12-25,SKK01,0.0,LOW
2026-12-26,SKK01,0.08,HIGH
2026-12-27,SKK01,0.09,LOW
2026-12-28,SKK01,0.14,HIGH
2026-12-29,SKK01,0.31,HIGH
2026-12-30,SKK01,0.17,HIGH
2026-12-31,SKK01,0.18,LOW
2026-01-01,SKK02,-0.4,LOW
2026-01-02,SKK02,1.43,HIGH
2026-01-03,SKK02,-1.16,HIGH
2026-01-04,SKK02,-1.24,HIGH
2026-01-05,SKK02,4.44,HIGH
2026-01-06,SKK02,-0.12,HIGH
2026-01-07,SKK02,8.37,HIGH
2026-01-08,SKK02,0.04,HIGH
2026-01-09,SKK02,-0.26,HIGH
2026-01-10,SKK02,-0.12,HIGH
2026-01-11,SKK02,-0.78,HIGH
2026-01-12,SKK02,-0.18,HIGH
2026-01-13,SKK02,9.79,LOW
2026-01-14,SKK02,-0.14,HIGH
2026-01-15,SKK02,0.01,HIGH
2026-01-16,SKK02,-0.22,HIGH
2026-01-17,SKK02,-0.13,HIGH
2026-01-18,SKK02,-0.18,HIGH
2026-01-19,SKK02,10.94,HIGH
2026-01-20,SKK02,39.24,HIGH
2026-01-21,SKK02,5.73,HIGH
2026-01-22,SKK02,12.09,HIGH
2026-01-23,SKK02,7.26,HIGH
2026-01-24,SKK02,0.09,LOW
2026-01-25,SKK02,-0.08,HIGH
2026-01-26,SKK02,6.34,LOW
2026-01-27,SKK02,7.13,HIGH
2026-01-28,SKK02,-0.45,HIGH
2026-01-29,SKK02,0.18,HIGH
2026-01-30,SKK02,3.93,HIGH
2026-01-31,SKK02,-1.27,HIGH
2026-02-01,SKK02,-0.17,HIGH
2026-02-02,SKK02,25.94,HIGH
2026-02-03,SKK02,30.29,LOW
2026-02-04,SKK02,24.2,HIGH
2026-02-05,SKK02,-0.49,HIGH
2026-02-06,SKK02,8.53,HIGH
2026-02-07,SKK02,-0.51,HIGH
2026-02-08,SKK02,-0.58,HIGH
2026-02-09,SKK02,-0.18,HIGH
2026-02-10,SKK02,-0.49,LOW
2026-02-11,SKK02,-0.23,HIGH
2026-02-12,SKK02,-0.25,HIGH
2026-02-13,SKK02,-0.04,HIGH
2026-02-14,SKK02,-0.11,HIGH
2026-02-15,SKK02,-0.18,HIGH
2026-02-16,SKK02,0.04,HIGH
2026-02-17,SKK02,-0.35,HIGH
2026-02-18,SKK02,10.03,HIGH
2026-02-19,SKK02,-6.41,HIGH
2026-02-20,SKK02,8.84,HIGH
2026-02-21,SKK02,29.39,HIGH
2026-02-22,SKK02,1.46,HIGH
2026-02-23,SKK02,1.42,HIGH
2026-02-24,SKK02,1.47,HIGH
2026-02-25,SKK02,-1.8,HIGH
2026-02-26,SKK02,7.42,HIGH
2026-02-27,SKK02,6.28,HIGH
2026-02-28,SKK02,-0.18,HIGH
2026-03-01,SKK02,-0.06,HIGH
2026-03-02,SKK02,-0.05,HIGH
2026-03-03,SKK02,0.14,HIGH
2026-03-04,SKK02,-1.12,HIGH
2026-03-05,SKK02,-0.06,HIGH
2026-03-06,SKK02,-0.1,HIGH
2026-03-07,SKK02,-0.34,HIGH
2026-03-08,SKK02,-0.57,HIGH
2026-03-09,SKK02,-0.37,HIGH
2026-03-10,SKK02,0.06,HIGH
2026-03-11,SKK02,-0.23,HIGH
2026-03-12,SKK02,-0.11,HIGH
2026-03-13,SKK02,-0.07,HIGH
2026-03-14,SKK02,-0.22,HIGH
2026-03-15,SKK02,-0.17,HIGH
2026-03-16,SKK02,0.13,HIGH
2026-03-17,SKK02,-0.15,HIGH
2026-03-18,SKK02,-0.1,HIGH
2026-03-19,SKK02,-0.19,HIGH
2026-03-20,SKK02,-0.15,HIGH
2026-03-21,SKK02,-0.0,HIGH
2026-03-22,SKK02,-0.12,HIGH
2026-03-23,SKK02,-1.73,HIGH
2026-03-24,SKK02,20.31,HIGH
2026-03-25,SKK02,-0.18,HIGH
2026-03-26,SKK02,3.52,HIGH
2026-03-27,SKK02,-0.14,HIGH
2026-03-28,SKK02,-0.17,HIGH
2026-03-29,SKK02,-0.16,HIGH
2026-03-30,SKK02,-0.1,HIGH
2026-03-31,SKK02,-0.25,HIGH
2026-04-01,SKK02,-0.2,HIGH
2026-04-02,SKK02,-0.27,LOW
2026-04-03,SKK02,-0.18,HIGH
2026-04-04,SKK02,-0.21,HIGH
2026-04-05,SKK02,-0.15,HIGH
2026-04-06,SKK02,3.77,HIGH
2026-04-07,SKK02,-0.18,HIGH
2026-04-08,SKK02,0.14,HIGH
2026-04-09,SKK02,-0.13,HIGH
2026-04-10,SKK02,-0.19,HIGH
2026-04-11,SKK02,-0.21,HIGH
2026-04-12,SKK02,4.29,HIGH
2026-04-13,SKK02,2.57,HIGH
2026-04-14,SKK02,4.98,HIGH
2026-04-15,SKK02,-0.09,HIGH
2026-04-16,SKK02,23.01,HIGH
2026-04-17,SKK02,0.62,HIGH
2026-04-18,SKK02,2.78,HIGH
2026-04-19,SKK02,-0.17,HIGH
2026-04-20,SKK02,0.16,HIGH
2026-04-21,SKK02,-0.16,HIGH
2026-04-22,SKK02,0.08,HIGH
2026-04-23,SKK02,-0.12,HIGH
2026-04-24,SKK02,-0.14,HIGH
2026-04-25,SKK02,-0.15,HIGH
2026-04-26,SKK02,-1.3,HIGH
2026-04-27,SKK02,-0.22,HIGH
2026-04-28,SKK02,-0.19,HIGH
2026-04-29,SKK02,-0.2,HIGH
2026-04-30,SKK02,-0.2,HIGH
2026-05-01,SKK02,-0.18,HIGH
2026-05-02,SKK02,0.02,HIGH
2026-05-03,SKK02,-0.31,HIGH
2026-05-04,SKK02,-0.36,HIGH
2026-05-05,SKK02,-0.07,HIGH
2026-05-06,SKK02,-0.09,HIGH
2026-05-07,SKK02,-0.05,HIGH
2026-05-08,SKK02,-0.0,HIGH
2026-05-09,SKK02,-0.22,HIGH
2026-05-10,SKK02,0.15,HIGH
2026-05-11,SKK02,-0.2,HIGH
2026-05-12,SKK02,-0.11,HIGH
2026-05-13,SKK02,0.16,HIGH
2026-05-14,SKK02,0.14,HIGH
2026-05-15,SKK02,-0.13,HIGH
2026-05-16,SKK02,-0.19,HIGH
2026-05-17,SKK02,-0.2,HIGH
2026-05-18,SKK02,-0.17,HIGH
2026-05-19,SKK02,-0.28,HIGH
2026-05-20,SKK02,-0.16,HIGH
2026-05-21,SKK02,-0.13,HIGH
2026-05-22,SKK02,-0.11,HIGH
2026-05-23,SKK02,-0.24,HIGH
2026-05-24,SKK02,-0.04,HIGH
2026-05-25,SKK02,36.49,HIGH
2026-05-26,SKK02,1.64,LOW
2026-05-27,SKK02,4.98,HIGH
2026-05-28,SKK02,-0.1,HIGH
2026-05-29,SKK02,-0.26,HIGH
2026-05-30,SKK02,-0.24,HIGH
2026-05-31,SKK02,6.89,HIGH
2026-06-01,SKK02,-0.19,HIGH
2026-06-02,SKK02,-0.14,HIGH
2026-06-03,SKK02,-0.06,HIGH
2026-06-04,SKK02,-0.22,LOW
2026-06-05,SKK02,-1.27,LOW
2026-06-06,SKK02,-0.11,LOW
2026-06-07,SKK02,-0.13,LOW
2026-06-08,SKK02,-0.17,LOW
2026-06-09,SKK02,-0.17,HIGH
2026-06-10,SKK02,-0.22,HIGH
2026-06-11,SKK02,-0.28,HIGH
2026-06-12,SKK02,-0.09,HIGH
2026-06-13,SKK02,-0.25,LOW
2026-06-14,SKK02,-0.24,LOW
2026-06-15,SKK02,-0.28,HIGH
2026-06-16,SKK02,-0.1,HIGH
2026-06-17,SKK02,-0.05,HIGH
2026-06-18,SKK02,-2.03,HIGH
2026-06-19,SKK02,-0.15,LOW
2026-06-20,SKK02,-0.18,LOW
2026-06-21,SKK02,-0.08,HIGH
2026-06-22,SKK02,-0.15,HIGH
2026-06-23,SKK02,-0.13,HIGH
2026-06-24,SKK02,-0.19,HIGH
2026-06-25,SKK02,-0.16,HIGH
2026-06-26,SKK02,-0.24,HIGH
2026-06-27,SKK02,-0.08,LOW
2026-06-28,SKK02,-0.19,LOW
2026-06-29,SKK02,-1.58,HIGH
2026-06-30,SKK02,-0.24,HIGH
2026-07-01,SKK02,-0.07,HIGH
2026-07-02,SKK02,-0.21,LOW
2026-07-03,SKK02,-0.09,HIGH
2026-07-04,SKK02,-0.12,LOW
2026-07-05,SKK02,-0.07,LOW
2026-07-06,SKK02,-0.21,LOW
2026-07-07,SKK02,-0.16,LOW
2026-07-08,SKK02,-0.18,HIGH
2026-07-09,SKK02,-0.18,HIGH
2026-07-10,SKK02,-0.14,HIGH
2026-07-11,SKK02,-0.11,HIGH
2026-07-12,SKK02,-0.14,HIGH
2026-07-13,SKK02,-0.24,LOW
2026-07-14,SKK02,-0.37,HIGH
2026-07-15,SKK02,-0.21,HIGH
2026-07-16,SKK02,0.08,HIGH
2026-07-17,SKK02,1.04,LOW
2026-07-18,SKK02,-0.26,LOW
2026-07-19,SKK02,-0.12,LOW
2026-07-20,SKK02,-0.19,LOW
2026-07-21,SKK02,-0.14,HIGH
2026-07-22,SKK02,-0.15,HIGH
2026-07-23,SKK02,0.1,LOW
2026-07-24,SKK02,-0.18,HIGH
2026-07-25,SKK02,-0.09,LOW
2026-07-26,SKK02,-0.25,LOW
2026-07-27,SKK02,-0.21,HIGH
2026-07-28,SKK02,-0.19,HIGH
2026-07-29,SKK02,-0.03,HIGH
2026-07-30,SKK02,-0.17,HIGH
2026-07-31,SKK02,0.06,LOW
2026-08-01,SKK02,-0.24,HIGH
2026-08-02,SKK02,10.14,HIGH
2026-08-03,SKK02,-0.67,LOW
2026-08-04,SKK02,-0.18,HIGH
2026-08-05,SKK02,-0.06,HIGH
2026-08-06,SKK02,-0.23,HIGH
2026-08-07,SKK02,-0.2,HIGH
2026-08-08,SKK02,17.01,HIGH
2026-08-09,SKK02,-0.14,HIGH
2026-08-10,SKK02,-0.01,HIGH
2026-08-11,SKK02,-0.02,HIGH
2026-08-12,SKK02,-0.22,HIGH
2026-08-13,SKK02,-0.17,HIGH
2026-08-14,SKK02,-0.17,HIGH
2026-08-15,SKK02,-0.25,LOW
2026-08-16,SKK02,0.34,HIGH
2026-08-17,SKK02,-0.25,LOW
2026-08-18,SKK02,-0.2,HIGH
2026-08-19,SKK02,-0.21,HIGH
2026-08-20,SKK02,-0.04,HIGH
2026-08-21,SKK02,-1.37,HIGH
2026-08-22,SKK02,0.27,HIGH
2026-08-23,SKK02,-0.19,LOW
2026-08-24,SKK02,20.0,HIGH
2026-08-25,SKK02,8.56,LOW
2026-08-26,SKK02,0.61,HIGH
2026-08-27,SKK02,-0.19,HIGH
2026-08-28,SKK02,-0.07,HIGH
2026-08-29,SKK02,-0.16,LOW
2026-08-30,SKK02,-0.1,HIGH
2026-08-31,SKK02,-0.19,HIGH
2026-09-01,SKK02,-0.02,HIGH
2026-09-02,SKK02,-0.23,LOW
2026-09-03,SKK02,-0.13,HIGH
2026-09-04,SKK02,-0.23,HIGH
2026-09-05,SKK02,-0.04,HIGH
2026-09-06,SKK02,-0.1,HIGH
2026-09-07,SKK02,-0.22,LOW
2026-09-08,SKK02,-0.27,HIGH
2026-09-09,SKK02,-0.24,HIGH
2026-09-10,SKK02,-0.36,HIGH
2026-09-11,SKK02,-0.02,HIGH
2026-09-12,SKK02,0.19,HIGH
2026-09-13,SKK02,-0.04,HIGH
2026-09-14,SKK02,-0.17,HIGH
2026-09-15,SKK02,-0.07,HIGH
2026-09-16,SKK02,0.01,HIGH
2026-09-17,SKK02,-0.02,HIGH
2026-09-18,SKK02,0.09,HIGH
2026-09-19,SKK02,-0.01,HIGH
2026-09-20,SKK02,0.23,HIGH
2026-09-21,SKK02,-0.92,HIGH
2026-09-22,SKK02,-0.15,HIGH
2026-09-23,SKK02,-0.35,HIGH
2026-09-24,SKK02,0.18,HIGH
2026-09-25,SKK02,0.16,HIGH
2026-09-26,SKK02,0.21,HIGH
2026-09-27,SKK02,-0.11,HIGH
2026-09-28,SKK02,-0.07,HIGH
2026-09-29,SKK02,-1.35,HIGH
2026-09-30,SKK02,0.15,HIGH
2026-10-01,SKK02,-0.01,HIGH
2026-10-02,SKK02,5.1,HIGH
2026-10-03,SKK02,0.13,HIGH
2026-10-04,SKK02,-0.1,HIGH
2026-10-05,SKK02,-0.23,HIGH
2026-10-06,SKK02,0.16,HIGH
2026-10-07,SKK02,0.04,HIGH
2026-10-08,SKK02,7.13,HIGH
2026-10-09,SKK02,42.48,HIGH
2026-10-10,SKK02,9.01,HIGH
2026-10-11,SKK02,4.88,HIGH
2026-10-12,SKK02,0.77,HIGH
2026-10-13,SKK02,5.05,HIGH
2026-10-14,SKK02,1.65,HIGH
2026-10-15,SKK02,8.87,HIGH
2026-10-16,SKK02,-0.17,HIGH
2026-10-17,SKK02,0.19,HIGH
2026-10-18,SKK02,-0.07,HIGH
2026-10-19,SKK02,-0.11,HIGH
2026-10-20,SKK02,0.33,HIGH
2026-10-21,SKK02,0.06,HIGH
2026-10-22,SKK02,-0.06,HIGH
2026-10-23,SKK02,0.25,HIGH
2026-10-24,SKK02,-0.02,HIGH
2026-10-25,SKK02,0.21,HIGH
2026-10-26,SKK02,0.29,HIGH
2026-10-27,SKK02,-0.4,HIGH
2026-10-28,SKK02,0.04,HIGH
2026-10-29,SKK02,0.26,HIGH
2026-10-30,SKK02,-0.25,HIGH
2026-10-31,SKK02,-0.02,HIGH
2026-11-01,SKK02,0.66,HIGH
2026-11-02,SKK02,-0.17,LOW
2026-11-03,SKK02,-0.09,HIGH
2026-11-04,SKK02,-0.11,HIGH
2026-11-05,SKK02,-0.09,HIGH
2026-11-06,SKK02,-0.24,HIGH
2026-11-07,SKK02,0.29,HIGH
2026-11-08,SKK02,0.12,HIGH
2026-11-09,SKK02,-0.19,LOW
2026-11-10,SKK02,-0.22,HIGH
2026-11-11,SKK02,0.01,HIGH
2026-11-12,SKK02,0.11,HIGH
2026-11-13,SKK02,-0.9,HIGH
2026-11-14,SKK02,0.16,HIGH
2026-11-15,SKK02,0.06,HIGH
2026-11-16,SKK02,-0.08,HIGH
2026-11-17,SKK02,-0.04,HIGH
2026-11-18,SKK02,-0.24,HIGH
2026-11-19,SKK02,-0.05,HIGH
2026-11-20,SKK02,0.21,HIGH
2026-11-21,SKK02,-0.13,HIGH
2026-11-22,SKK02,-0.01,HIGH
2026-11-23,SKK02,-0.05,HIGH
2026-11-24,SKK02,-0.14,HIGH
2026-11-25,SKK02,-0.2,HIGH
2026-11-26,SKK02,-0.09,HIGH
2026-11-27,SKK02,3.36,HIGH
2026-11-28,SKK02,0.11,LOW
2026-11-29,SKK02,-0.16,HIGH
2026-11-30,SKK02,-0.03,HIGH
2026-12-01,SKK02,-0.95,HIGH
2026-12-02,SKK02,4.65,HIGH
2026-12-03,SKK02,2.59,HIGH
2026-12-04,SKK02,8.3,LOW
2026-12-05,SKK02,-0.11,HIGH
2026-12-06,SKK02,0.29,HIGH
2026-12-07,SKK02,0.16,HIGH
2026-12-08,SKK02,-0.37,HIGH
2026-12-09,SKK02,-0.21,HIGH
2026-12-10,SKK02,-0.28,HIGH
2026-12-11,SKK02,-0.15,HIGH
2026-12-12,SKK02,-0.1,HIGH
2026-12-13,SKK02,-0.15,LOW
2026-12-14,SKK02,-0.35,LOW
2026-12-15,SKK02,-0.04,LOW
2026-12-16,SKK02,0.21,HIGH
2026-12-17,SKK02,-0.45,LOW
2026-12-18,SKK02,-0.31,HIGH
2026-12-19,SKK02,-0.1,HIGH
2026-12-20,SKK02,-1.0,HIGH
2026-12-21,SKK02,-1.0,HIGH
2026-12-22,SKK02,23.7,HIGH
2026-12-23,SKK02,12.81,HIGH
2026-12-24,SKK02,4.97,HIGH
2026-12-25,SKK02,22.92,HIGH
2026-12-26,SKK02,-0.06,HIGH
2026-12-27,SKK02,-0.28,HIGH
2026-12-28,SKK02,6.07,HIGH
2026-12-29,SKK02,8.85,HIGH
2026-12-30,SKK02,-0.8,HIGH
2026-12-31,SKK02,5.28,HIGH
2026-01-01,SKK03,-0.04,LOW
2026-01-02,SKK03,0.03,LOW
2026-01-03,SKK03,0.06,LOW
2026-01-04,SKK03,-0.09,LOW
2026-01-05,SKK03,-0.14,LOW
2026-01-06,SKK03,0.11,LOW
2026-01-07,SKK03,0.1,LOW
2026-01-08,SKK03,-0.03,LOW
2026-01-09,SKK03,0.1,LOW
2026-01-10,SKK03,0.02,LOW
2026-01-11,SKK03,0.03,LOW
2026-01-12,SKK03,-0.54,LOW
2026-01-13,SKK03,-0.13,LOW
2026-01-14,SKK03,-0.02,LOW
2026-01-15,SKK03,-0.1,LOW
2026-01-16,SKK03,0.25,LOW
2026-01-17,SKK03,-0.31,LOW
2026-01-18,SKK03,0.06,LOW
2026-01-19,SKK03,-0.57,LOW
2026-01-20,SKK03,-0.53,LOW
2026-01-21,SKK03,0.34,LOW
2026-01-22,SKK03,-23.24,LOW
2026-01-23,SKK03,0.07,LOW
2026-01-24,SKK03,-0.01,LOW
2026-01-25,SKK03,0.01,LOW
2026-01-26,SKK03,-0.32,LOW
2026-01-27,SKK03,-23.43,LOW
2026-01-28,SKK03,-0.06,LOW
2026-01-29,SKK03,0.13,LOW
2026-01-30,SKK03,-0.06,LOW
2026-01-31,SKK03,-0.13,LOW
2026-02-01,SKK03,0.25,LOW
2026-02-02,SKK03,-0.42,LOW
2026-02-03,SKK03,-0.0,LOW
2026-02-04,SKK03,-0.03,LOW
2026-02-05,SKK03,0.02,LOW
2026-02-06,SKK03,-0.28,LOW
2026-02-07,SKK03,-26.8,LOW
2026-02-08,SKK03,0.22,LOW
2026-02-09,SKK03,-0.62,LOW
2026-02-10,SKK03,0.31,LOW
2026-02-11,SKK03,-0.07,LOW
2026-02-12,SKK03,-0.13,LOW
2026-02-13,SKK03,-0.17,LOW
2026-02-14,SKK03,-0.6,LOW
2026-02-15,SKK03,0.16,LOW
2026-02-16,SKK03,-23.86,LOW
2026-02-17,SKK03,-0.11,LOW
2026-02-18,SKK03,-0.37,LOW
2026-02-19,SKK03,-0.19,LOW
2026-02-20,SKK03,-0.12,LOW
2026-02-21,SKK03,0.32,LOW
2026-02-22,SKK03,-0.1,LOW
2026-02-23,SKK03,-0.58,LOW
2026-02-24,SKK03,0.16,LOW
2026-02-25,SKK03,-0.02,LOW
2026-02-26,SKK03,0.21,LOW
2026-02-27,SKK03,-23.5,LOW
2026-02-28,SKK03,-0.03,LOW
2026-03-01,SKK03,-19.98,LOW
2026-03-02,SKK03,-13.03,LOW
2026-03-03,SKK03,-19.9,LOW
2026-03-04,SKK03,-19.93,LOW
2026-03-05,SKK03,-12.38,LOW
2026-03-06,SKK03,-0.05,LOW
2026-03-07,SKK03,-0.11,LOW
2026-03-08,SKK03,-0.22,LOW
2026-03-09,SKK03,-0.17,LOW
2026-03-10,SKK03,-2.84,LOW
2026-03-11,SKK03,-0.09,LOW
2026-03-12,SKK03,-0.14,LOW
2026-03-13,SKK03,-0.05,LOW
2026-03-14,SKK03,-0.05,LOW
2026-03-15,SKK03,-0.07,LOW
2026-03-16,SKK03,-0.45,LOW
2026-03-17,SKK03,-0.04,LOW
2026-03-18,SKK03,-5.58,LOW
2026-03-19,SKK03,-0.05,LOW
2026-03-20,SKK03,-0.07,LOW
2026-03-21,SKK03,-0.1,LOW
2026-03-22,SKK03,-0.1,LOW
2026-03-23,SKK03,-2.44,LOW
2026-03-24,SKK03,-5.6,LOW
2026-03-25,SKK03,-0.1,LOW
2026-03-26,SKK03,-0.08,LOW
2026-03-27,SKK03,-0.09,LOW
2026-03-28,SKK03,-0.05,LOW
2026-03-29,SKK03,-0.18,LOW
2026-03-30,SKK03,-0.22,LOW
2026-03-31,SKK03,-0.13,LOW
2026-04-01,SKK03,-0.14,LOW
2026-04-02,SKK03,-0.18,LOW
2026-04-03,SKK03,-0.11,LOW
2026-04-04,SKK03,-0.12,LOW
2026-04-05,SKK03,-0.07,LOW
2026-04-06,SKK03,-0.12,LOW
2026-04-07,SKK03,-0.13,LOW
2026-04-08,SKK03,-2.89,LOW
2026-04-09,SKK03,-0.07,LOW
2026-04-10,SKK03,-0.1,LOW
2026-04-11,SKK03,-0.13,LOW
2026-04-12,SKK03,0.14,LOW
2026-04-13,SKK03,-0.08,LOW
2026-04-14,SKK03,-2.85,LOW
2026-04-15,SKK03,-2.48,LOW
2026-04-16,SKK03,-0.08,LOW
2026-04-17,SKK03,-2.84,LOW
2026-04-18,SKK03,-18.24,LOW
2026-04-19,SKK03,0.02,LOW
2026-04-20,SKK03,-0.11,LOW
2026-04-21,SKK03,-0.06,LOW
2026-04-22,SKK03,-0.13,LOW
2026-04-23,SKK03,-2.82,LOW
2026-04-24,SKK03,-0.16,LOW
2026-04-25,SKK03,-0.01,LOW
2026-04-26,SKK03,-0.07,LOW
2026-04-27,SKK03,-0.11,LOW
2026-04-28,SKK03,-0.07,LOW
2026-04-29,SKK03,-0.11,LOW
2026-04-30,SKK03,-0.08,LOW
2026-05-01,SKK03,-16.15,LOW
2026-05-02,SKK03,-0.13,LOW
2026-05-03,SKK03,-0.12,LOW
2026-05-04,SKK03,-0.12,LOW
2026-05-05,SKK03,-0.52,LOW
2026-05-06,SKK03,-2.73,LOW
2026-05-07,SKK03,-5.63,LOW
2026-05-08,SKK03,-0.04,LOW
2026-05-09,SKK03,-0.12,LOW
2026-05-10,SKK03,-0.14,LOW
2026-05-11,SKK03,-0.18,LOW
2026-05-12,SKK03,-0.12,LOW
2026-05-13,SKK03,-0.12,LOW
2026-05-14,SKK03,-0.12,LOW
2026-05-15,SKK03,-0.25,LOW
2026-05-16,SKK03,-0.19,LOW
2026-05-17,SKK03,-0.02,LOW
2026-05-18,SKK03,-0.12,LOW
2026-05-19,SKK03,-0.15,LOW
2026-05-20,SKK03,-0.0,LOW
2026-05-21,SKK03,-0.07,LOW
2026-05-22,SKK03,-0.06,LOW
2026-05-23,SKK03,-0.12,LOW
2026-05-24,SKK03,-0.09,LOW
2026-05-25,SKK03,-0.13,LOW
2026-05-26,SKK03,-7.5,LOW
2026-05-27,SKK03,-0.1,LOW
2026-05-28,SKK03,-0.1,LOW
2026-05-29,SKK03,-0.18,LOW
2026-05-30,SKK03,-0.24,LOW
2026-05-31,SKK03,-0.15,LOW
2026-06-01,SKK03,-0.15,LOW
2026-06-02,SKK03,-0.11,LOW
2026-06-03,SKK03,-0.12,LOW
2026-06-04,SKK03,-0.07,LOW
2026-06-05,SKK03,-0.09,LOW
2026-06-06,SKK03,-0.09,LOW
2026-06-07,SKK03,-0.14,LOW
2026-06-08,SKK03,-0.16,LOW
2026-06-09,SKK03,-0.1,LOW
2026-06-10,SKK03,-0.09,LOW
2026-06-11,SKK03,-0.08,LOW
2026-06-12,SKK03,-0.09,LOW
2026-06-13,SKK03,-0.1,LOW
2026-06-14,SKK03,-0.08,LOW
2026-06-15,SKK03,-0.07,LOW
2026-06-16,SKK03,-0.1,LOW
2026-06-17,SKK03,-0.02,LOW
2026-06-18,SKK03,-0.05,LOW
2026-06-19,SKK03,-0.08,LOW
2026-06-20,SKK03,-0.16,LOW
2026-06-21,SKK03,-0.12,LOW
2026-06-22,SKK03,-0.14,LOW
2026-06-23,SKK03,-0.13,LOW
2026-06-24,SKK03,-0.08,LOW
2026-06-25,SKK03,-0.11,LOW
2026-06-26,SKK03,-0.14,LOW
2026-06-27,SKK03,0.03,LOW
2026-06-28,SKK03,-0.07,LOW
2026-06-29,SKK03,-2.68,LOW
2026-06-30,SKK03,-1.08,LOW
2026-07-01,SKK03,-1.74,LOW
2026-07-02,SKK03,-0.02,LOW
2026-07-03,SKK03,-14.43,LOW
2026-07-04,SKK03,-0.07,LOW
2026-07-05,SKK03,-0.08,LOW
2026-07-06,SKK03,-16.34,LOW
2026-07-07,SKK03,-0.15,LOW
2026-07-08,SKK03,-0.08,LOW
2026-07-09,SKK03,-0.08,LOW
2026-07-10,SKK03,-0.07,LOW
2026-07-11,SKK03,-0.18,LOW
2026-07-12,SKK03,-0.13,LOW
2026-07-13,SKK03,-0.16,LOW
2026-07-14,SKK03,-0.13,LOW
2026-07-15,SKK03,-0.08,LOW
2026-07-16,SKK03,-0.14,LOW
2026-07-17,SKK03,-0.02,LOW
2026-07-18,SKK03,-0.07,LOW
2026-07-19,SKK03,-0.06,LOW
2026-07-20,SKK03,-0.15,LOW
2026-07-21,SKK03,-0.18,LOW
2026-07-22,SKK03,0.06,LOW
2026-07-23,SKK03,-0.08,LOW
2026-07-24,SKK03,-0.07,LOW
2026-07-25,SKK03,-0.09,LOW
2026-07-26,SKK03,-0.01,LOW
2026-07-27,SKK03,-0.22,LOW
2026-07-28,SKK03,-16.31,LOW
2026-07-29,SKK03,-0.16,LOW
2026-07-30,SKK03,-0.14,LOW
2026-07-31,SKK03,-0.19,LOW
2026-08-01,SKK03,-0.17,LOW
2026-08-02,SKK03,-0.17,LOW
2026-08-03,SKK03,-0.14,LOW
2026-08-04,SKK03,-0.13,LOW
2026-08-05,SKK03,-0.12,LOW
2026-08-06,SKK03,-0.16,LOW
2026-08-07,SKK03,-0.1,LOW
2026-08-08,SKK03,0.03,LOW
2026-08-09,SKK03,-0.07,LOW
2026-08-10,SKK03,-0.16,LOW
2026-08-11,SKK03,-0.14,LOW
2026-08-12,SKK03,-0.1,LOW
2026-08-13,SKK03,-0.13,LOW
2026-08-14,SKK03,-5.53,LOW
2026-08-15,SKK03,0.01,LOW
2026-08-16,SKK03,-0.1,LOW
2026-08-17,SKK03,-0.08,LOW
2026-08-18,SKK03,-0.12,LOW
2026-08-19,SKK03,-0.07,LOW
2026-08-20,SKK03,-0.11,LOW
2026-08-21,SKK03,-1.99,LOW
2026-08-22,SKK03,-0.09,LOW
2026-08-23,SKK03,-0.11,LOW
2026-08-24,SKK03,-0.12,LOW
2026-08-25,SKK03,-0.16,LOW
2026-08-26,SKK03,-0.13,LOW
2026-08-27,SKK03,0.02,LOW
2026-08-28,SKK03,-0.1,LOW
2026-08-29,SKK03,-0.08,LOW
2026-08-30,SKK03,-0.11,LOW
2026-08-31,SKK03,-0.12,LOW
2026-09-01,SKK03,-0.09,LOW
2026-09-02,SKK03,-0.4,LOW
2026-09-03,SKK03,-0.1,LOW
2026-09-04,SKK03,-0.04,LOW
2026-09-05,SKK03,-0.08,LOW
2026-09-06,SKK03,-0.06,LOW
2026-09-07,SKK03,-0.1,LOW
2026-09-08,SKK03,-22.64,LOW
2026-09-09,SKK03,-13.97,LOW
2026-09-10,SKK03,-4.52,LOW
2026-09-11,SKK03,-0.06,LOW
2026-09-12,SKK03,0.06,LOW
2026-09-13,SKK03,-0.03,LOW
2026-09-14,SKK03,-0.36,LOW
2026-09-15,SKK03,-0.05,LOW
2026-09-16,SKK03,0.1,LOW
2026-09-17,SKK03,-0.17,LOW
2026-09-18,SKK03,-0.04,LOW
2026-09-19,SKK03,-37.7,LOW
2026-09-20,SKK03,-0.11,LOW
2026-09-21,SKK03,-0.08,LOW
2026-09-22,SKK03,-0.06,LOW
2026-09-23,SKK03,-7.64,LOW
2026-09-24,SKK03,-0.08,LOW
2026-09-25,SKK03,-0.15,LOW
2026-09-26,SKK03,-0.09,LOW
2026-09-27,SKK03,-5.61,LOW
2026-09-28,SKK03,-0.05,LOW
2026-09-29,SKK03,-4.73,LOW
2026-09-30,SKK03,0.07,LOW
2026-10-01,SKK03,-0.11,LOW
2026-10-02,SKK03,-14.72,LOW
2026-10-03,SKK03,-4.39,LOW
2026-10-04,SKK03,-0.15,LOW
2026-10-05,SKK03,-0.32,LOW
2026-10-06,SKK03,-14.42,LOW
2026-10-07,SKK03,-2.76,LOW
2026-10-08,SKK03,-0.11,LOW
2026-10-09,SKK03,0.11,LOW
2026-10-10,SKK03,-19.99,LOW
2026-10-11,SKK03,-119.45,LOW
2026-10-12,SKK03,-210.4,HIGH
2026-10-13,SKK03,-203.6,LOW
2026-10-14,SKK03,9.45,LOW
2026-10-15,SKK03,-1.84,LOW
2026-10-16,SKK03,4.42,LOW
2026-10-17,SKK03,-6.24,LOW
2026-10-18,SKK03,-22.77,LOW
2026-10-19,SKK03,-4.76,LOW
2026-10-20,SKK03,-0.13,LOW
2026-10-21,SKK03,0.05,LOW
2026-10-22,SKK03,-0.02,LOW
2026-10-23,SKK03,-0.06,LOW
2026-10-24,SKK03,-0.01,LOW
2026-10-25,SKK03,-0.02,LOW
2026-10-26,SKK03,-0.04,LOW
2026-10-27,SKK03,0.05,LOW
2026-10-28,SKK03,-0.52,LOW
2026-10-29,SKK03,-0.3,LOW
2026-10-30,SKK03,0.06,LOW
2026-10-31,SKK03,-19.87,LOW
2026-11-01,SKK03,-13.97,LOW
2026-11-02,SKK03,-4.77,LOW
2026-11-03,SKK03,0.04,LOW
2026-11-04,SKK03,0.01,LOW
2026-11-05,SKK03,-0.01,LOW
2026-11-06,SKK03,-0.01,LOW
2026-11-07,SKK03,-4.47,LOW
2026-11-08,SKK03,-0.17,LOW
2026-11-09,SKK03,-0.49,LOW
2026-11-10,SKK03,-5.68,LOW
2026-11-11,SKK03,-0.01,LOW
2026-11-12,SKK03,-0.41,LOW
2026-11-13,SKK03,0.06,LOW
2026-11-14,SKK03,0.02,LOW
2026-11-15,SKK03,0.03,LOW
2026-11-16,SKK03,0.01,LOW
2026-11-17,SKK03,-0.0,LOW
2026-11-18,SKK03,-0.06,LOW
2026-11-19,SKK03,0.13,LOW
2026-11-20,SKK03,-0.0,LOW
2026-11-21,SKK03,-40.6,LOW
2026-11-22,SKK03,-0.01,LOW
2026-11-23,SKK03,-15.1,LOW
2026-11-24,SKK03,-13.99,LOW
2026-11-25,SKK03,-14.14,LOW
2026-11-26,SKK03,-13.85,LOW
2026-11-27,SKK03,-14.0,LOW
2026-11-28,SKK03,-14.05,LOW
2026-11-29,SKK03,-22.41,LOW
2026-11-30,SKK03,-0.48,LOW
2026-12-01,SKK03,0.01,LOW
2026-12-02,SKK03,0.13,LOW
2026-12-03,SKK03,0.16,LOW
2026-12-04,SKK03,0.01,LOW
2026-12-05,SKK03,-0.15,LOW
2026-12-06,SKK03,0.13,LOW
2026-12-07,SKK03,-0.55,LOW
2026-12-08,SKK03,0.13,LOW
2026-12-09,SKK03,0.08,LOW
2026-12-10,SKK03,-0.02,LOW
2026-12-11,SKK03,-0.01,LOW
2026-12-12,SKK03,-0.12,LOW
2026-12-13,SKK03,-0.09,LOW
2026-12-14,SKK03,-0.65,LOW
2026-12-15,SKK03,-0.07,LOW
2026-12-16,SKK03,0.02,LOW
2026-12-17,SKK03,0.07,LOW
2026-12-18,SKK03,0.01,LOW
2026-12-19,SKK03,-0.06,LOW
2026-12-20,SKK03,-0.08,LOW
2026-12-21,SKK03,-0.61,LOW
2026-12-22,SKK03,0.18,LOW
2026-12-23,SKK03,0.22,LOW
2026-12-24,SKK03,0.08,LOW
2026-12-25,SKK03,0.03,LOW
2026-12-26,SKK03,-0.07,LOW
2026-12-27,SKK03,0.11,LOW
2026-12-28,SKK03,-0.61,LOW
2026-12-29,SKK03,-0.13,LOW
2026-12-30,SKK03,-0.12,LOW
2026-12-31,SKK03,-0.09,LOW
2026-01-01,SKK04,-1.67,HIGH
2026-01-02,SKK04,-0.72,HIGH
2026-01-03,SKK04,-0.11,HIGH
2026-01-04,SKK04,-0.08,LOW
2026-01-05,SKK04,-1.49,LOW
2026-01-06,SKK04,-2.88,HIGH
2026-01-07,SKK04,-1.11,LOW
2026-01-08,SKK04,-1.33,LOW
2026-01-09,SKK04,-17.67,LOW
2026-01-10,SKK04,-0.19,HIGH
2026-01-11,SKK04,-0.52,HIGH
2026-01-12,SKK04,-1.15,LOW
2026-01-13,SKK04,-1.14,LOW
2026-01-14,SKK04,-0.2,HIGH
2026-01-15,SKK04,-12.88,LOW
2026-01-16,SKK04,-17.29,LOW
2026-01-17,SKK04,0.06,LOW
2026-01-18,SKK04,-13.03,LOW
2026-01-19,SKK04,-2.24,LOW
2026-01-20,SKK04,-0.76,LOW
2026-01-21,SKK04,-1.35,LOW
2026-01-22,SKK04,-3.95,LOW
2026-01-23,SKK04,-0.53,LOW
2026-01-24,SKK04,-0.0,LOW
2026-01-25,SKK04,-7.6,HIGH
2026-01-26,SKK04,-2.31,LOW
2026-01-27,SKK04,-2.84,LOW
2026-01-28,SKK04,-2.61,HIGH
2026-01-29,SKK04,-2.17,LOW
2026-01-30,SKK04,-13.72,LOW
2026-01-31,SKK04,0.06,LOW
2026-02-01,SKK04,0.13,HIGH
2026-02-02,SKK04,-0.31,HIGH
2026-02-03,SKK04,-2.16,LOW
2026-02-04,SKK04,-18.11,LOW
2026-02-05,SKK04,-15.89,HIGH
2026-02-06,SKK04,-1.77,LOW
2026-02-07,SKK04,-0.09,LOW
2026-02-08,SKK04,-5.71,LOW
2026-02-09,SKK04,-18.75,LOW
2026-02-10,SKK04,-0.62,LOW
2026-02-11,SKK04,-0.62,HIGH
2026-02-12,SKK04,-0.59,HIGH
2026-02-13,SKK04,-2.17,HIGH
2026-02-14,SKK04,0.16,HIGH
2026-02-15,SKK04,0.13,HIGH
2026-02-16,SKK04,-23.54,HIGH
2026-02-17,SKK04,-192.26,HIGH
2026-02-18,SKK04,4.49,LOW
2026-02-19,SKK04,9.11,HIGH
2026-02-20,SKK04,18.42,HIGH
2026-02-21,SKK04,39.67,HIGH
2026-02-22,SKK04,19.42,HIGH
2026-02-23,SKK04,11.24,HIGH
2026-02-24,SKK04,-0.72,LOW
2026-02-25,SKK04,-1.53,HIGH
2026-02-26,SKK04,-0.3,LOW
2026-02-27,SKK04,-1.02,LOW
2026-02-28,SKK04,-16.26,HIGH
2026-03-01,SKK04,-10.57,LOW
2026-03-02,SKK04,-0.07,LOW
2026-03-03,SKK04,-0.06,LOW
2026-03-04,SKK04,-0.1,HIGH
2026-03-05,SKK04,0.12,HIGH
2026-03-06,SKK04,0.07,HIGH
2026-03-07,SKK04,-0.75,HIGH
2026-03-08,SKK04,-0.12,LOW
2026-03-09,SKK04,-0.12,HIGH
2026-03-10,SKK04,-0.13,LOW
2026-03-11,SKK04,-0.18,HIGH
2026-03-12,SKK04,-23.25,HIGH
2026-03-13,SKK04,-0.07,HIGH
2026-03-14,SKK04,-0.19,HIGH
2026-03-15,SKK04,-0.02,LOW
2026-03-16,SKK04,-0.12,HIGH
2026-03-17,SKK04,-0.1,HIGH
2026-03-18,SKK04,0.14,HIGH
2026-03-19,SKK04,-1.37,HIGH
2026-03-20,SKK04,22.54,LOW
2026-03-21,SKK04,-0.1,HIGH
2026-03-22,SKK04,-0.11,HIGH
2026-03-23,SKK04,-0.15,HIGH
2026-03-24,SKK04,-0.31,HIGH
2026-03-25,SKK04,-0.13,HIGH
2026-03-26,SKK04,-0.13,HIGH
2026-03-27,SKK04,-0.1,HIGH
2026-03-28,SKK04,-0.15,LOW
2026-03-29,SKK04,-0.14,HIGH
2026-03-30,SKK04,-0.08,HIGH
2026-03-31,SKK04,-1.22,HIGH
2026-04-01,SKK04,-2.74,HIGH
2026-04-02,SKK04,9.44,HIGH
2026-04-03,SKK04,14.53,HIGH
2026-04-04,SKK04,14.07,LOW
2026-04-05,SKK04,-0.16,HIGH
2026-04-06,SKK04,-0.31,HIGH
2026-04-07,SKK04,0.03,LOW
2026-04-08,SKK04,-0.43,HIGH
2026-04-09,SKK04,-0.07,HIGH
2026-04-10,SKK04,-0.12,HIGH
2026-04-11,SKK04,-0.11,LOW
2026-04-12,SKK04,-0.08,HIGH
2026-04-13,SKK04,-0.12,HIGH
2026-04-14,SKK04,-0.19,HIGH
2026-04-15,SKK04,-0.08,HIGH
2026-04-16,SKK04,-0.06,HIGH
2026-04-17,SKK04,-0.23,HIGH
2026-04-18,SKK04,-0.07,HIGH
2026-04-19,SKK04,-0.17,LOW
2026-04-20,SKK04,-0.44,HIGH
2026-04-21,SKK04,-0.06,HIGH
2026-04-22,SKK04,-0.14,HIGH
2026-04-23,SKK04,0.07,HIGH
2026-04-24,SKK04,-1.53,HIGH
2026-04-25,SKK04,-0.03,HIGH
2026-04-26,SKK04,-0.08,HIGH
2026-04-27,SKK04,-0.13,LOW
2026-04-28,SKK04,-0.12,LOW
2026-04-29,SKK04,-0.55,HIGH
2026-04-30,SKK04,-0.02,HIGH
2026-05-01,SKK04,-0.15,HIGH
2026-05-02,SKK04,-0.17,HIGH
2026-05-03,SKK04,0.13,HIGH
2026-05-04,SKK04,-0.17,LOW
2026-05-05,SKK04,-0.11,HIGH
2026-05-06,SKK04,-1.39,HIGH
2026-05-07,SKK04,-0.08,HIGH
2026-05-08,SKK04,-0.15,HIGH
2026-05-09,SKK04,-0.2,HIGH
2026-05-10,SKK04,-0.12,HIGH
2026-05-11,SKK04,-0.11,HIGH
2026-05-12,SKK04,0.1,HIGH
2026-05-13,SKK04,-0.1,HIGH
2026-05-14,SKK04,-0.03,LOW
2026-05-15,SKK04,-0.1,HIGH
2026-05-16,SKK04,-0.09,LOW
2026-05-17,SKK04,-0.13,HIGH
2026-05-18,SKK04,-23.4,LOW
2026-05-19,SKK04,-0.11,LOW
2026-05-20,SKK04,-0.1,HIGH
2026-05-21,SKK04,-0.16,HIGH
2026-05-22,SKK04,-0.13,HIGH
2026-05-23,SKK04,-0.12,HIGH
2026-05-24,SKK04,-0.14,HIGH
2026-05-25,SKK04,-0.07,HIGH
2026-05-26,SKK04,-0.07,HIGH
2026-05-27,SKK04,-0.12,HIGH
2026-05-28,SKK04,-0.15,HIGH
2026-05-29,SKK04,-0.12,HIGH
2026-05-30,SKK04,-0.13,HIGH
2026-05-31,SKK04,-0.11,HIGH
2026-06-01,SKK04,-0.11,LOW
2026-06-02,SKK04,-0.13,HIGH
2026-06-03,SKK04,-0.12,HIGH
2026-06-04,SKK04,-0.11,HIGH
2026-06-05,SKK04,-0.11,HIGH
2026-06-06,SKK04,-0.1,HIGH
2026-06-07,SKK04,-0.1,HIGH
2026-06-08,SKK04,-0.12,HIGH
2026-06-09,SKK04,-0.16,LOW
2026-06-10,SKK04,-0.27,LOW
2026-06-11,SKK04,-0.04,HIGH
2026-06-12,SKK04,-0.11,LOW
2026-06-13,SKK04,-1.12,LOW
2026-06-14,SKK04,-0.14,LOW
2026-06-15,SKK04,-0.1,LOW
2026-06-16,SKK04,-0.08,HIGH
2026-06-17,SKK04,-0.11,LOW
2026-06-18,SKK04,-0.12,LOW
2026-06-19,SKK04,-0.08,HIGH
2026-06-20,SKK04,-2.41,LOW
2026-06-21,SKK04,-0.05,LOW
2026-06-22,SKK04,-0.12,LOW
2026-06-23,SKK04,-0.15,LOW
2026-06-24,SKK04,-0.11,LOW
2026-06-25,SKK04,-0.32,LOW
2026-06-26,SKK04,-0.13,HIGH
2026-06-27,SKK04,0.0,LOW
2026-06-28,SKK04,-0.11,LOW
2026-06-29,SKK04,-0.13,LOW
2026-06-30,SKK04,-0.08,LOW
2026-07-01,SKK04,-0.1,HIGH
2026-07-02,SKK04,0.03,HIGH
2026-07-03,SKK04,-0.06,LOW
2026-07-04,SKK04,-0.03,LOW
2026-07-05,SKK04,-0.19,LOW
2026-07-06,SKK04,-0.16,HIGH
2026-07-07,SKK04,-0.1,LOW
2026-07-08,SKK04,-6.42,LOW
2026-07-09,SKK04,-0.21,LOW
2026-07-10,SKK04,-0.01,LOW
2026-07-11,SKK04,-0.07,LOW
2026-07-12,SKK04,-0.41,LOW
2026-07-13,SKK04,-0.13,LOW
2026-07-14,SKK04,-0.13,LOW
2026-07-15,SKK04,-0.08,HIGH
2026-07-16,SKK04,-0.12,LOW
2026-07-17,SKK04,-0.18,HIGH
2026-07-18,SKK04,-0.16,LOW
2026-07-19,SKK04,-0.21,LOW
2026-07-20,SKK04,-0.11,LOW
2026-07-21,SKK04,-0.09,LOW
2026-07-22,SKK04,-0.07,LOW
2026-07-23,SKK04,-0.1,LOW
2026-07-24,SKK04,-0.14,LOW
2026-07-25,SKK04,-0.08,HIGH
2026-07-26,SKK04,-0.1,HIGH
2026-07-27,SKK04,-0.06,HIGH
2026-07-28,SKK04,-0.08,HIGH
2026-07-29,SKK04,-0.11,HIGH
2026-07-30,SKK04,-0.12,HIGH
2026-07-31,SKK04,-0.08,LOW
2026-08-01,SKK04,-0.16,LOW
2026-08-02,SKK04,-0.1,LOW
2026-08-03,SKK04,-0.11,LOW
2026-08-04,SKK04,-0.07,LOW
2026-08-05,SKK04,-0.27,LOW
2026-08-06,SKK04,-0.23,LOW
2026-08-07,SKK04,-0.13,LOW
2026-08-08,SKK04,-0.03,HIGH
2026-08-09,SKK04,-0.04,LOW
2026-08-10,SKK04,-0.19,LOW
2026-08-11,SKK04,-0.14,HIGH
2026-08-12,SKK04,-0.09,LOW
2026-08-13,SKK04,-0.09,HIGH
2026-08-14,SKK04,-0.02,LOW
2026-08-15,SKK04,-0.06,LOW
2026-08-16,SKK04,-0.0,LOW
2026-08-17,SKK04,-0.1,HIGH
2026-08-18,SKK04,-0.06,HIGH
2026-08-19,SKK04,-0.0,LOW
2026-08-20,SKK04,-0.06,LOW
2026-08-21,SKK04,-0.15,LOW
2026-08-22,SKK04,0.14,LOW
2026-08-23,SKK04,-0.1,LOW
2026-08-24,SKK04,-0.08,LOW
2026-08-25,SKK04,1.96,HIGH
2026-08-26,SKK04,-0.06,LOW
2026-08-27,SKK04,-0.09,LOW
2026-08-28,SKK04,0.01,LOW
2026-08-29,SKK04,-0.13,LOW
2026-08-30,SKK04,-0.03,LOW
2026-08-31,SKK04,-0.05,HIGH
2026-09-01,SKK04,-0.06,HIGH
2026-09-02,SKK04,-0.14,HIGH
2026-09-03,SKK04,17.5,HIGH
2026-09-04,SKK04,-0.2,LOW
2026-09-05,SKK04,-0.09,HIGH
2026-09-06,SKK04,-0.13,HIGH
2026-09-07,SKK04,0.19,HIGH
2026-09-08,SKK04,-0.14,LOW
2026-09-09,SKK04,-0.64,HIGH
2026-09-10,SKK04,-0.06,LOW
2026-09-11,SKK04,-0.07,LOW
2026-09-12,SKK04,-0.11,HIGH
2026-09-13,SKK04,0.17,HIGH
2026-09-14,SKK04,-0.16,HIGH
2026-09-15,SKK04,0.62,HIGH
2026-09-16,SKK04,-0.14,LOW
2026-09-17,SKK04,-0.14,HIGH
2026-09-18,SKK04,0.16,LOW
2026-09-19,SKK04,-0.14,LOW
2026-09-20,SKK04,-0.13,LOW
2026-09-21,SKK04,0.01,HIGH
2026-09-22,SKK04,-0.07,HIGH
2026-09-23,SKK04,0.03,LOW
2026-09-24,SKK04,0.26,LOW
2026-09-25,SKK04,-0.12,LOW
2026-09-26,SKK04,-0.15,HIGH
2026-09-27,SKK04,-0.1,HIGH
2026-09-28,SKK04,-0.18,LOW
2026-09-29,SKK04,-0.15,HIGH
2026-09-30,SKK04,-0.14,HIGH
2026-10-01,SKK04,-0.09,HIGH
2026-10-02,SKK04,-0.06,HIGH
2026-10-03,SKK04,0.04,LOW
2026-10-04,SKK04,-0.02,HIGH
2026-10-05,SKK04,-0.15,LOW
2026-10-06,SKK04,-0.13,HIGH
2026-10-07,SKK04,0.09,HIGH
2026-10-08,SKK04,-0.03,HIGH
2026-10-09,SKK04,0.0,LOW
2026-10-10,SKK04,-0.18,LOW
2026-10-11,SKK04,-0.15,HIGH
2026-10-12,SKK04,-0.14,HIGH
2026-10-13,SKK04,0.26,HIGH
2026-10-14,SKK04,-0.03,LOW
2026-10-15,SKK04,0.25,LOW
2026-10-16,SKK04,-0.02,HIGH
2026-10-17,SKK04,0.03,HIGH
2026-10-18,SKK04,0.01,LOW
2026-10-19,SKK04,0.85,HIGH
2026-10-20,SKK04,1.93,HIGH
2026-10-21,SKK04,0.98,HIGH
2026-10-22,SKK04,-0.08,HIGH
2026-10-23,SKK04,0.11,LOW
2026-10-24,SKK04,-0.06,LOW
2026-10-25,SKK04,0.39,HIGH
2026-10-26,SKK04,1.46,HIGH
2026-10-27,SKK04,0.05,HIGH
2026-10-28,SKK04,-0.01,LOW
2026-10-29,SKK04,-10.32,HIGH
2026-10-30,SKK04,0.01,LOW
2026-10-31,SKK04,-0.04,LOW
2026-11-01,SKK04,-0.06,HIGH
2026-11-02,SKK04,-0.05,HIGH
2026-11-03,SKK04,-0.01,HIGH
2026-11-04,SKK04,0.41,HIGH
2026-11-05,SKK04,0.01,LOW
2026-11-06,SKK04,-0.11,HIGH
2026-11-07,SKK04,-0.07,HIGH
2026-11-08,SKK04,0.2,HIGH
2026-11-09,SKK04,-0.07,HIGH
2026-11-10,SKK04,0.03,HIGH
2026-11-11,SKK04,-0.03,HIGH
2026-11-12,SKK04,1.19,HIGH
2026-11-13,SKK04,-0.09,HIGH
2026-11-14,SKK04,-19.54,HIGH
2026-11-15,SKK04,-0.03,LOW
2026-11-16,SKK04,-0.19,LOW
2026-11-17,SKK04,-0.08,HIGH
2026-11-18,SKK04,0.29,LOW
2026-11-19,SKK04,-0.01,HIGH
2026-11-20,SKK04,-0.0,HIGH
2026-11-21,SKK04,-0.04,LOW
2026-11-22,SKK04,-0.1,LOW
2026-11-23,SKK04,-0.41,HIGH
2026-11-24,SKK04,-0.01,HIGH
2026-11-25,SKK04,-0.03,HIGH
2026-11-26,SKK04,-0.01,HIGH
2026-11-27,SKK04,0.12,HIGH
2026-11-28,SKK04,-0.01,HIGH
2026-11-29,SKK04,-0.03,HIGH
2026-11-30,SKK04,-0.02,HIGH
2026-12-01,SKK04,-1.87,HIGH
2026-12-02,SKK04,-2.12,HIGH
2026-12-03,SKK04,-0.89,HIGH
2026-12-04,SKK04,-0.11,LOW
2026-12-05,SKK04,0.06,HIGH
2026-12-06,SKK04,0.1,HIGH
2026-12-07,SKK04,-0.31,LOW
2026-12-08,SKK04,-0.49,LOW
2026-12-09,SKK04,-0.67,LOW
2026-12-10,SKK04,-0.71,LOW
2026-12-11,SKK04,-1.01,HIGH
2026-12-12,SKK04,-0.06,LOW
2026-12-13,SKK04,-0.17,LOW
2026-12-14,SKK04,-44.15,HIGH
2026-12-15,SKK04,-9.13,LOW
2026-12-16,SKK04,-3.38,LOW
2026-12-17,SKK04,-0.75,LOW
2026-12-18,SKK04,-0.5,LOW
2026-12-19,SKK04,-0.02,LOW
2026-12-20,SKK04,-0.12,HIGH
2026-12-21,SKK04,-1.5,HIGH
2026-12-22,SKK04,-0.58,HIGH
2026-12-23,SKK04,-0.77,HIGH
2026-12-24,SKK04,-2.39,HIGH
2026-12-25,SKK04,-15.33,HIGH
2026-12-26,SKK04,-7.28,LOW
2026-12-27,SKK04,0.04,HIGH
2026-12-28,SKK04,-1.83,LOW
2026-12-29,SKK04,-1.94,HIGH
2026-12-30,SKK04,-1.22,HIGH
2026-12-31,SKK04,-29.73,HIGH
2026-01-01,SKK05,-17.99,LOW
2026-01-02,SKK05,-1.8,LOW
2026-01-03,SKK05,30.73,LOW
2026-01-04,SKK05,3.09,LOW
2026-01-05,SKK05,0.02,LOW
2026-01-06,SKK05,-0.1,LOW
2026-01-07,SKK05,0.0,LOW
2026-01-08,SKK05,-0.09,LOW
2026-01-09,SKK05,0.02,LOW
2026-01-10,SKK05,0.03,HIGH
2026-01-11,SKK05,0.1,HIGH
2026-01-12,SKK05,0.04,LOW
2026-01-13,SKK05,0.17,LOW
2026-01-14,SKK05,0.04,LOW
2026-01-15,SKK05,0.2,LOW
2026-01-16,SKK05,0.05,LOW
2026-01-17,SKK05,0.02,LOW
2026-01-18,SKK05,-0.01,LOW
2026-01-19,SKK05,0.11,LOW
2026-01-20,SKK05,0.05,HIGH
2026-01-21,SKK05,-0.03,LOW
2026-01-22,SKK05,-0.2,LOW
2026-01-23,SKK05,0.02,LOW
2026-01-24,SKK05,-0.0,LOW
2026-01-25,SKK05,0.01,LOW
2026-01-26,SKK05,0.06,LOW
2026-01-27,SKK05,0.35,LOW
2026-01-28,SKK05,0.1,LOW
2026-01-29,SKK05,0.0,LOW
2026-01-30,SKK05,-0.02,LOW
2026-01-31,SKK05,-0.01,LOW
2026-02-01,SKK05,0.11,HIGH
2026-02-02,SKK05,0.08,LOW
2026-02-03,SKK05,0.06,LOW
2026-02-04,SKK05,0.07,LOW
2026-02-05,SKK05,-0.07,LOW
2026-02-06,SKK05,0.01,LOW
2026-02-07,SKK05,-0.02,LOW
2026-02-08,SKK05,-0.12,LOW
2026-02-09,SKK05,-0.07,LOW
2026-02-10,SKK05,0.07,LOW
2026-02-11,SKK05,0.01,HIGH
2026-02-12,SKK05,-0.02,HIGH
2026-02-13,SKK05,0.18,LOW
2026-02-14,SKK05,0.01,LOW
2026-02-15,SKK05,-0.02,LOW
2026-02-16,SKK05,-0.02,LOW
2026-02-17,SKK05,-0.01,LOW
2026-02-18,SKK05,-0.02,LOW
2026-02-19,SKK05,-0.02,HIGH
2026-02-20,SKK05,0.02,HIGH
2026-02-21,SKK05,0.26,HIGH
2026-02-22,SKK05,-0.05,LOW
2026-02-23,SKK05,-0.36,LOW
2026-02-24,SKK05,0.04,LOW
2026-02-25,SKK05,-0.01,LOW
2026-02-26,SKK05,0.12,LOW
2026-02-27,SKK05,0.28,LOW
2026-02-28,SKK05,0.0,LOW
2026-03-01,SKK05,-0.02,LOW
2026-03-02,SKK05,-0.09,HIGH
2026-03-03,SKK05,0.15,HIGH
2026-03-04,SKK05,-0.1,LOW
2026-03-05,SKK05,-0.04,LOW
2026-03-06,SKK05,-0.1,HIGH
2026-03-07,SKK05,-0.1,HIGH
2026-03-08,SKK05,-0.14,LOW
2026-03-09,SKK05,-0.48,HIGH
2026-03-10,SKK05,0.08,HIGH
2026-03-11,SKK05,0.09,HIGH
2026-03-12,SKK05,-0.13,HIGH
2026-03-13,SKK05,-0.06,LOW
2026-03-14,SKK05,-0.11,HIGH
2026-03-15,SKK05,-0.1,HIGH
2026-03-16,SKK05,0.02,HIGH
2026-03-17,SKK05,0.05,LOW
2026-03-18,SKK05,-0.28,LOW
2026-03-19,SKK05,-0.05,HIGH
2026-03-20,SKK05,-0.06,HIGH
2026-03-21,SKK05,-0.13,LOW
2026-03-22,SKK05,-0.27,LOW
2026-03-23,SKK05,-0.02,HIGH
2026-03-24,SKK05,-0.04,HIGH
2026-03-25,SKK05,-0.19,LOW
2026-03-26,SKK05,-0.1,HIGH
2026-03-27,SKK05,-1.04,HIGH
2026-03-28,SKK05,-0.09,HIGH
2026-03-29,SKK05,0.03,HIGH
2026-03-30,SKK05,-0.09,HIGH
2026-03-31,SKK05,-0.1,HIGH
2026-04-01,SKK05,-0.03,HIGH
2026-04-02,SKK05,-0.03,HIGH
2026-04-03,SKK05,-0.18,HIGH
2026-04-04,SKK05,-2.02,HIGH
2026-04-05,SKK05,-0.21,HIGH
2026-04-06,SKK05,-0.02,HIGH
2026-04-07,SKK05,-0.02,HIGH
2026-04-08,SKK05,-0.13,LOW
2026-04-09,SKK05,-0.13,HIGH
2026-04-10,SKK05,-0.11,HIGH
2026-04-11,SKK05,-0.2,LOW
2026-04-12,SKK05,0.03,HIGH
2026-04-13,SKK05,-0.35,HIGH
2026-04-14,SKK05,-0.06,HIGH
2026-04-15,SKK05,-0.24,HIGH
2026-04-16,SKK05,0.0,HIGH
2026-04-17,SKK05,-0.11,HIGH
2026-04-18,SKK05,-1.25,HIGH
2026-04-19,SKK05,-0.11,LOW
2026-04-20,SKK05,0.24,LOW
2026-04-21,SKK05,-0.07,HIGH
2026-04-22,SKK05,-0.04,HIGH
2026-04-23,SKK05,-0.14,HIGH
2026-04-24,SKK05,-0.1,HIGH
2026-04-25,SKK05,-0.19,LOW
2026-04-26,SKK05,-0.14,HIGH
2026-04-27,SKK05,0.01,HIGH
2026-04-28,SKK05,-0.03,HIGH
2026-04-29,SKK05,-0.09,HIGH
2026-04-30,SKK05,-0.2,HIGH
2026-05-01,SKK05,-0.09,HIGH
2026-05-02,SKK05,-0.08,HIGH
2026-05-03,SKK05,-0.09,HIGH
2026-05-04,SKK05,0.01,HIGH
2026-05-05,SKK05,-0.07,HIGH
2026-05-06,SKK05,-0.07,HIGH
2026-05-07,SKK05,-0.03,HIGH
2026-05-08,SKK05,-0.12,LOW
2026-05-09,SKK05,-0.16,LOW
2026-05-10,SKK05,-0.19,LOW
2026-05-11,SKK05,0.15,HIGH
2026-05-12,SKK05,-0.04,HIGH
2026-05-13,SKK05,-0.14,HIGH
2026-05-14,SKK05,-1.0,HIGH
2026-05-15,SKK05,-0.05,HIGH
2026-05-16,SKK05,-0.09,HIGH
2026-05-17,SKK05,-0.02,HIGH
2026-05-18,SKK05,-0.22,LOW
2026-05-19,SKK05,-0.18,HIGH
2026-05-20,SKK05,-0.24,HIGH
2026-05-21,SKK05,-0.07,HIGH
2026-05-22,SKK05,-0.1,HIGH
2026-05-23,SKK05,-0.12,HIGH
2026-05-24,SKK05,0.01,HIGH
2026-05-25,SKK05,-0.07,HIGH
2026-05-26,SKK05,-0.0,HIGH
2026-05-27,SKK05,-0.08,HIGH
2026-05-28,SKK05,-0.14,HIGH
2026-05-29,SKK05,-0.46,HIGH
2026-05-30,SKK05,-23.28,HIGH
2026-05-31,SKK05,-0.08,LOW
2026-06-01,SKK05,-0.16,LOW
2026-06-02,SKK05,-0.18,LOW
2026-06-03,SKK05,-0.12,LOW
2026-06-04,SKK05,-0.1,LOW
2026-06-05,SKK05,-0.13,LOW
2026-06-06,SKK05,-0.18,LOW
2026-06-07,SKK05,-0.13,LOW
2026-06-08,SKK05,-0.14,HIGH
2026-06-09,SKK05,3.92,LOW
2026-06-10,SKK05,-0.29,HIGH
2026-06-11,SKK05,-0.06,HIGH
2026-06-12,SKK05,0.83,LOW
2026-06-13,SKK05,0.78,LOW
2026-06-14,SKK05,0.42,LOW
2026-06-15,SKK05,19.22,HIGH
2026-06-16,SKK05,-0.14,LOW
2026-06-17,SKK05,-14.39,LOW
2026-06-18,SKK05,-0.13,HIGH
2026-06-19,SKK05,-0.12,HIGH
2026-06-20,SKK05,0.01,LOW
2026-06-21,SKK05,-0.1,LOW
2026-06-22,SKK05,-0.46,HIGH
2026-06-23,SKK05,-0.09,HIGH
2026-06-24,SKK05,-0.11,LOW
2026-06-25,SKK05,-0.22,LOW
2026-06-26,SKK05,-0.03,LOW
2026-06-27,SKK05,-0.09,LOW
2026-06-28,SKK05,-0.11,LOW
2026-06-29,SKK05,-0.2,LOW
2026-06-30,SKK05,-0.01,LOW
2026-07-01,SKK05,-0.09,LOW
2026-07-02,SKK05,-0.11,LOW
2026-07-03,SKK05,-0.16,LOW
2026-07-04,SKK05,0.01,LOW
2026-07-05,SKK05,-0.08,LOW
2026-07-06,SKK05,-0.14,LOW
2026-07-07,SKK05,-0.14,HIGH
2026-07-08,SKK05,0.04,LOW
2026-07-09,SKK05,-0.02,LOW
2026-07-10,SKK05,-0.13,LOW
2026-07-11,SKK05,-0.1,LOW
2026-07-12,SKK05,-0.11,LOW
2026-07-13,SKK05,-0.15,LOW
2026-07-14,SKK05,-0.06,LOW
2026-07-15,SKK05,-0.12,LOW
2026-07-16,SKK05,-0.13,LOW
2026-07-17,SKK05,-0.13,HIGH
2026-07-18,SKK05,-0.15,LOW
2026-07-19,SKK05,-0.18,LOW
2026-07-20,SKK05,-0.18,LOW
2026-07-21,SKK05,-0.09,LOW
2026-07-22,SKK05,-0.02,LOW
2026-07-23,SKK05,-0.18,LOW
2026-07-24,SKK05,-0.11,LOW
2026-07-25,SKK05,-0.17,LOW
2026-07-26,SKK05,-0.15,LOW
2026-07-27,SKK05,-0.09,LOW
2026-07-28,SKK05,-0.05,HIGH
2026-07-29,SKK05,-0.14,HIGH
2026-07-30,SKK05,-0.11,LOW
2026-07-31,SKK05,-0.17,LOW
2026-08-01,SKK05,0.08,LOW
2026-08-02,SKK05,-0.06,LOW
2026-08-03,SKK05,-0.14,LOW
2026-08-04,SKK05,-0.14,LOW
2026-08-05,SKK05,-0.12,LOW
2026-08-06,SKK05,-0.14,LOW
2026-08-07,SKK05,-0.04,LOW
2026-08-08,SKK05,-0.07,LOW
2026-08-09,SKK05,-0.09,LOW
2026-08-10,SKK05,-0.15,HIGH
2026-08-11,SKK05,-0.14,HIGH
2026-08-12,SKK05,0.03,LOW
2026-08-13,SKK05,-0.06,HIGH
2026-08-14,SKK05,-0.14,LOW
2026-08-15,SKK05,-0.07,LOW
2026-08-16,SKK05,-0.15,LOW
2026-08-17,SKK05,-0.11,LOW
2026-08-18,SKK05,0.01,HIGH
2026-08-19,SKK05,-0.08,LOW
2026-08-20,SKK05,-0.18,LOW
2026-08-21,SKK05,-0.21,LOW
2026-08-22,SKK05,-0.18,LOW
2026-08-23,SKK05,-0.13,LOW
2026-08-24,SKK05,-0.14,HIGH
2026-08-25,SKK05,-0.18,HIGH
2026-08-26,SKK05,-0.06,HIGH
2026-08-27,SKK05,-1.09,LOW
2026-08-28,SKK05,-0.11,LOW
2026-08-29,SKK05,0.01,LOW
2026-08-30,SKK05,-0.08,LOW
2026-08-31,SKK05,-0.14,LOW
2026-09-01,SKK05,-0.05,HIGH
2026-09-02,SKK05,0.1,HIGH
2026-09-03,SKK05,-0.13,LOW
2026-09-04,SKK05,-0.15,HIGH
2026-09-05,SKK05,-0.11,HIGH
2026-09-06,SKK05,-0.87,HIGH
2026-09-07,SKK05,-0.06,LOW
2026-09-08,SKK05,-0.07,LOW
2026-09-09,SKK05,-0.06,HIGH
2026-09-10,SKK05,-0.04,HIGH
2026-09-11,SKK05,0.17,HIGH
2026-09-12,SKK05,0.2,HIGH
2026-09-13,SKK05,0.02,HIGH
2026-09-14,SKK05,-0.07,LOW
2026-09-15,SKK05,-0.08,LOW
2026-09-16,SKK05,0.21,HIGH
2026-09-17,SKK05,0.23,HIGH
2026-09-18,SKK05,-0.1,LOW
2026-09-19,SKK05,-0.14,HIGH
2026-09-20,SKK05,0.06,HIGH
2026-09-21,SKK05,0.01,LOW
2026-09-22,SKK05,0.23,HIGH
2026-09-23,SKK05,-0.16,LOW
2026-09-24,SKK05,-0.08,LOW
2026-09-25,SKK05,0.25,HIGH
2026-09-26,SKK05,0.03,HIGH
2026-09-27,SKK05,0.26,HIGH
2026-09-28,SKK05,-0.0,HIGH
2026-09-29,SKK05,-0.04,LOW
2026-09-30,SKK05,0.0,LOW
2026-10-01,SKK05,-0.02,HIGH
2026-10-02,SKK05,-0.01,HIGH
2026-10-03,SKK05,0.16,HIGH
2026-10-04,SKK05,0.11,LOW
2026-10-05,SKK05,-0.14,LOW
2026-10-06,SKK05,0.21,HIGH
2026-10-07,SKK05,-0.97,LOW
2026-10-08,SKK05,-1.03,LOW
2026-10-09,SKK05,-0.04,LOW
2026-10-10,SKK05,-0.04,HIGH
2026-10-11,SKK05,0.03,HIGH
2026-10-12,SKK05,-0.03,HIGH
2026-10-13,SKK05,-0.07,LOW
2026-10-14,SKK05,-0.06,LOW
2026-10-15,SKK05,0.01,HIGH
2026-10-16,SKK05,0.13,HIGH
2026-10-17,SKK05,-0.82,HIGH
2026-10-18,SKK05,0.03,LOW
2026-10-19,SKK05,0.0,LOW
2026-10-20,SKK05,-0.02,LOW
2026-10-21,SKK05,-0.0,LOW
2026-10-22,SKK05,0.03,LOW
2026-10-23,SKK05,0.24,HIGH
2026-10-24,SKK05,-0.06,LOW
2026-10-25,SKK05,-0.04,HIGH
2026-10-26,SKK05,-0.03,LOW
2026-10-27,SKK05,0.01,LOW
2026-10-28,SKK05,-0.01,LOW
2026-10-29,SKK05,0.01,HIGH
2026-10-30,SKK05,0.06,HIGH
2026-10-31,SKK05,-0.05,HIGH
2026-11-01,SKK05,0.24,HIGH
2026-11-02,SKK05,-0.02,LOW
2026-11-03,SKK05,0.26,LOW
2026-11-04,SKK05,-0.09,LOW
2026-11-05,SKK05,0.04,LOW
2026-11-06,SKK05,-175.99,HIGH
2026-11-07,SKK05,-182.6,HIGH
2026-11-08,SKK05,-180.9,HIGH
2026-11-09,SKK05,-181.37,HIGH
2026-11-10,SKK05,-181.24,HIGH
2026-11-11,SKK05,-188.13,HIGH
2026-11-12,SKK05,-188.24,HIGH
2026-11-13,SKK05,-187.07,HIGH
2026-11-14,SKK05,-180.64,HIGH
2026-11-15,SKK05,-167.84,HIGH
2026-11-16,SKK05,-166.37,HIGH
2026-11-17,SKK05,-168.62,HIGH
2026-11-18,SKK05,-178.86,HIGH
2026-11-19,SKK05,-181.43,HIGH
2026-11-20,SKK05,-176.03,HIGH
2026-11-21,SKK05,-176.7,HIGH
2026-11-22,SKK05,-173.0,HIGH
2026-11-23,SKK05,-176.85,HIGH
2026-11-24,SKK05,-179.12,HIGH
2026-11-25,SKK05,-172.72,HIGH
2026-11-26,SKK05,-169.18,HIGH
2026-11-27,SKK05,-184.67,HIGH
2026-11-28,SKK05,-181.79,HIGH
2026-11-29,SKK05,-165.26,HIGH
2026-11-30,SKK05,-162.65,HIGH
2026-12-01,SKK05,15.8,HIGH
2026-12-02,SKK05,8.31,HIGH
2026-12-03,SKK05,14.18,HIGH
2026-12-04,SKK05,23.11,HIGH
2026-12-05,SKK05,22.03,HIGH
2026-12-06,SKK05,2.34,HIGH
2026-12-07,SKK05,14.71,HIGH
2026-12-08,SKK05,0.34,LOW
2026-12-09,SKK05,0.31,LOW
2026-12-10,SKK05,0.41,LOW
2026-12-11,SKK05,0.19,LOW
2026-12-12,SKK05,0.02,LOW
2026-12-13,SKK05,-0.02,LOW
2026-12-14,SKK05,0.32,LOW
2026-12-15,SKK05,0.34,LOW
2026-12-16,SKK05,0.02,LOW
2026-12-17,SKK05,0.44,LOW
2026-12-18,SKK05,0.14,HIGH
2026-12-19,SKK05,0.07,LOW
2026-12-20,SKK05,0.05,LOW
2026-12-21,SKK05,0.14,HIGH
2026-12-22,SKK05,0.19,HIGH
2026-12-23,SKK05,0.14,HIGH
2026-12-24,SKK05,0.27,LOW
2026-12-25,SKK05,0.18,LOW
2026-12-26,SKK05,-0.7,HIGH
2026-12-27,SKK05,0.26,LOW
2026-12-28,SKK05,0.1,LOW
2026-12-29,SKK05,0.09,LOW
2026-12-30,SKK05,0.13,LOW
2026-12-31,SKK05,0.14,LOW
