Date,PlantID,Reported_Total_MWh
2026-01-01,SKK01,2384.42
2026-01-01,SKK02,3343.2
2026-01-01,SKK03,1539.42
2026-01-01,SKK04,2907.28
2026-01-01,SKK05,1895.46
2026-01-02,SKK01,2444.61
2026-01-02,SKK02,3433.58
2026-01-02,SKK03,1532.85
2026-01-02,SKK04,2917.54
2026-01-02,SKK05,1955.88
2026-01-03,SKK01,2354.0
2026-01-03,SKK02,3283.08
2026-01-03,SKK03,1440.92
2026-01-03,SKK04,2779.07
2026-01-03,SKK05,1834.7
2026-01-04,SKK01,2323.9
2026-01-04,SKK02,3224.38
2026-01-04,SKK03,1463.17
2026-01-04,SKK04,2799.63
2026-01-04,SKK05,1860.01
2026-01-05,SKK01,2380.77
2026-01-05,SKK02,3394.41
2026-01-05,SKK03,1561.5
2026-01-05,SKK04,2937.04
2026-01-05,SKK05,1973.87
2026-01-06,SKK01,2476.12
2026-01-06,SKK02,3360.81
2026-01-06,SKK03,1543.69
2026-01-06,SKK04,2883.59
2026-01-06,SKK05,1914.02
2026-01-07,SKK01,2499.27
2026-01-07,SKK02,3429.33
2026-01-07,SKK03,1545.24
2026-01-07,SKK04,2956.07
2026-01-07,SKK05,1941.49
2026-01-08,SKK01,2358.51
2026-01-08,SKK02,3347.24
2026-01-08,SKK03,1500.03
2026-01-08,SKK04,2895.99
2026-01-08,SKK05,1932.22
2026-01-09,SKK01,2461.47
2026-01-09,SKK02,3380.34
2026-01-09,SKK03,1565.08
2026-01-09,SKK04,2983.08
2026-01-09,SKK05,1935.73
2026-01-10,SKK01,2323.92
2026-01-10,SKK02,3206.95
2026-01-10,SKK03,1474.28
2026-01-10,SKK04,2756.03
2026-01-10,SKK05,1852.34
2026-01-11,SKK01,2313.75
2026-01-11,SKK02,3235.4
2026-01-11,SKK03,1422.79
2026-01-11,SKK04,2781.28
2026-01-11,SKK05,1870.28
2026-01-12,SKK01,2427.22
2026-01-12,SKK02,3380.58
2026-01-12,SKK03,1550.48
2026-01-12,SKK04,2850.13
2026-01-12,SKK05,1933.98
2026-01-13,SKK01,2407.05
2026-01-13,SKK02,3432.21
2026-01-13,SKK03,1540.88
2026-01-13,SKK04,2934.16
2026-01-13,SKK05,1958.95
2026-01-14,SKK01,2423.29
2026-01-14,SKK02,3344.14
2026-01-14,SKK03,1518.01
2026-01-14,SKK04,2827.35
2026-01-14,SKK05,1901.27
2026-01-15,SKK01,2365.43
2026-01-15,SKK02,3404.2
2026-01-15,SKK03,1559.22
2026-01-15,SKK04,2908.07
2026-01-15,SKK05,1954.9
2026-01-16,SKK01,2422.02
2026-01-16,SKK02,3313.0
2026-01-16,SKK03,1564.91
2026-01-16,SKK04,2911.24
2026-01-16,SKK05,1933.7
2026-01-17,SKK01,2340.61
2026-01-17,SKK02,3250.03
2026-01-17,SKK03,1453.6
2026-01-17,SKK04,2837.67
2026-01-17,SKK05,1848.3
2026-01-18,SKK01,2344.88
2026-01-18,SKK02,3272.32
2026-01-18,SKK03,1480.58
2026-01-18,SKK04,2818.68
2026-01-18,SKK05,1889.82
2026-01-19,SKK01,2438.25
2026-01-19,SKK02,3473.03
2026-01-19,SKK03,1517.56
2026-01-19,SKK04,2894.7
2026-01-19,SKK05,1976.86
2026-01-20,SKK01,2385.76
2026-01-20,SKK02,3370.89
2026-01-20,SKK03,1565.32
2026-01-20,SKK04,2912.27
2026-01-20,SKK05,1919.4
2026-01-21,SKK01,2435.95
2026-01-21,SKK02,3401.27
2026-01-21,SKK03,1538.31
2026-01-21,SKK04,2893.83
2026-01-21,SKK05,1967.26
2026-01-22,SKK01,2437.0
2026-01-22,SKK02,3422.19
2026-01-22,SKK03,1523.79
2026-01-22,SKK04,2955.91
2026-01-22,SKK05,1997.5
2026-01-23,SKK01,2375.89
2026-01-23,SKK02,3402.06
2026-01-23,SKK03,1546.58
2026-01-23,SKK04,2907.94
2026-01-23,SKK05,1946.68
2026-01-24,SKK01,2392.87
2026-01-24,SKK02,3339.64
2026-01-24,SKK03,1458.36
2026-01-24,SKK04,2794.85
2026-01-24,SKK05,1899.83
2026-01-25,SKK01,2328.3
2026-01-25,SKK02,3249.74
2026-01-25,SKK03,1492.46
2026-01-25,SKK04,2775.95
2026-01-25,SKK05,1859.33
2026-01-26,SKK01,2443.35
2026-01-26,SKK02,3350.62
2026-01-26,SKK03,1592.32
2026-01-26,SKK04,2898.29
2026-01-26,SKK05,1896.83
2026-01-27,SKK01,2415.44
2026-01-27,SKK02,3421.2
2026-01-27,SKK03,1563.1
2026-01-27,SKK04,2877.14
2026-01-27,SKK05,1965.0
2026-01-28,SKK01,2416.11
2026-01-28,SKK02,3374.36
2026-01-28,SKK03,1498.16
2026-01-28,SKK04,2871.35
2026-01-28,SKK05,1943.55
2026-01-29,SKK01,2413.57
2026-01-29,SKK02,3372.97
2026-01-29,SKK03,1507.57
2026-01-29,SKK04,2894.55
2026-01-29,SKK05,1914.04
2026-01-30,SKK01,2435.84
2026-01-30,SKK02,3376.94
2026-01-30,SKK03,1565.15
2026-01-30,SKK04,2938.3
2026-01-30,SKK05,1947.9
2026-01-31,SKK01,2358.73
2026-01-31,SKK02,3241.11
2026-01-31,SKK03,1524.36
2026-01-31,SKK04,2813.32
2026-01-31,SKK05,1876.39
2026-02-01,SKK01,2355.17
2026-02-01,SKK02,3329.0
2026-02-01,SKK03,1487.58
2026-02-01,SKK04,2834.06
2026-02-01,SKK05,1838.11
2026-02-02,SKK01,2403.42
2026-02-02,SKK02,3359.03
2026-02-02,SKK03,1559.07
2026-02-02,SKK04,2843.66
2026-02-02,SKK05,1912.41
2026-02-03,SKK01,2397.82
2026-02-03,SKK02,3359.05
2026-02-03,SKK03,1562.68
2026-02-03,SKK04,2875.93
2026-02-03,SKK05,1939.95
2026-02-04,SKK01,2458.76
2026-02-04,SKK02,3460.97
2026-02-04,SKK03,1576.65
2026-02-04,SKK04,2926.49
2026-02-04,SKK05,1972.5
2026-02-05,SKK01,2398.55
2026-02-05,SKK02,3365.18
2026-02-05,SKK03,1528.9
2026-02-05,SKK04,2868.79
2026-02-05,SKK05,1946.34
2026-02-06,SKK01,2438.7
2026-02-06,SKK02,3424.24
2026-02-06,SKK03,1507.9
2026-02-06,SKK04,2886.68
2026-02-06,SKK05,1978.23
2026-02-07,SKK01,2296.01
2026-02-07,SKK02,3236.62
2026-02-07,SKK03,1446.03
2026-02-07,SKK04,2773.17
2026-02-07,SKK05,1844.83
2026-02-08,SKK01,2351.94
2026-02-08,SKK02,3242.83
2026-02-08,SKK03,1434.31
2026-02-08,SKK04,2849.08
2026-02-08,SKK05,1859.19
2026-02-09,SKK01,2393.25
2026-02-09,SKK02,3377.59
2026-02-09,SKK03,1548.66
2026-02-09,SKK04,2915.94
2026-02-09,SKK05,1946.8
2026-02-10,SKK01,2408.7
2026-02-10,SKK02,3395.43
2026-02-10,SKK03,1546.96
2026-02-10,SKK04,2910.22
2026-02-10,SKK05,1985.18
2026-02-11,SKK01,2407.95
2026-02-11,SKK02,3337.82
2026-02-11,SKK03,1538.07
2026-02-11,SKK04,2912.59
2026-02-11,SKK05,1944.98
2026-02-12,SKK01,2372.19
2026-02-12,SKK02,3420.02
2026-02-12,SKK03,1551.63
2026-02-12,SKK04,2918.56
2026-02-12,SKK05,1938.24
2026-02-13,SKK01,2433.33
2026-02-13,SKK02,3330.96
2026-02-13,SKK03,1540.62
2026-02-13,SKK04,2883.4
2026-02-13,SKK05,1911.72
2026-02-14,SKK01,2302.63
2026-02-14,SKK02,3290.64
2026-02-14,SKK03,1439.41
2026-02-14,SKK04,2792.07
2026-02-14,SKK05,1885.81
2026-02-15,SKK01,2317.96
2026-02-15,SKK02,3267.2
2026-02-15,SKK03,1465.83
2026-02-15,SKK04,2788.89
2026-02-15,SKK05,1857.68
2026-02-16,SKK01,2414.3
2026-02-16,SKK02,3350.7
2026-02-16,SKK03,1489.89
2026-02-16,SKK04,2892.92
2026-02-16,SKK05,1931.13
2026-02-17,SKK01,2410.36
2026-02-17,SKK02,3417.88
2026-02-17,SKK03,1518.85
2026-02-17,SKK04,2915.4
2026-02-17,SKK05,1927.1
2026-02-18,SKK01,2442.48
2026-02-18,SKK02,3435.59
2026-02-18,SKK03,1540.07
2026-02-18,SKK04,2940.56
2026-02-18,SKK05,1951.86
2026-02-19,SKK01,2347.42
2026-02-19,SKK02,3366.0
2026-02-19,SKK03,1517.71
2026-02-19,SKK04,2846.66
2026-02-19,SKK05,1884.02
2026-02-20,SKK01,2413.93
2026-02-20,SKK02,3387.76
2026-02-20,SKK03,1533.3
2026-02-20,SKK04,2889.98
2026-02-20,SKK05,1942.17
2026-02-21,SKK01,2326.0
2026-02-21,SKK02,3253.6
2026-02-21,SKK03,1472.8
2026-02-21,SKK04,2766.21
2026-02-21,SKK05,1860.91
2026-02-22,SKK01,2323.69
2026-02-22,SKK02,3315.48
2026-02-22,SKK03,1469.59
2026-02-22,SKK04,2771.5
2026-02-22,SKK05,1833.81
2026-02-23,SKK01,2438.13
2026-02-23,SKK02,3401.01
2026-02-23,SKK03,1547.98
2026-02-23,SKK04,2885.94
2026-02-23,SKK05,1927.96
2026-02-24,SKK01,2417.21
2026-02-24,SKK02,3389.56
2026-02-24,SKK03,1502.84
2026-02-24,SKK04,2928.86
2026-02-24,SKK05,1945.15
2026-02-25,SKK01,2429.04
2026-02-25,SKK02,3315.38
2026-02-25,SKK03,1516.89
2026-02-25,SKK04,2918.26
2026-02-25,SKK05,1915.48
2026-02-26,SKK01,2485.56
2026-02-26,SKK02,3451.1
2026-02-26,SKK03,1562.05
2026-02-26,SKK04,2952.26
2026-02-26,SKK05,1984.39
2026-02-27,SKK01,2399.26
2026-02-27,SKK02,3413.47
2026-02-27,SKK03,1588.57
2026-02-27,SKK04,2917.96
2026-02-27,SKK05,1934.25
2026-02-28,SKK01,2302.98
2026-02-28,SKK02,3262.33
2026-02-28,SKK03,1470.05
2026-02-28,SKK04,2729.23
2026-02-28,SKK05,1874.84
2026-03-01,SKK01,2081.83
2026-03-01,SKK02,2862.24
2026-03-01,SKK03,1353.88
2026-03-01,SKK04,2434.13
2026-03-01,SKK05,1682.17
2026-03-02,SKK01,2126.95
2026-03-02,SKK02,3036.42
2026-03-02,SKK03,1369.61
2026-03-02,SKK04,2530.84
2026-03-02,SKK05,1693.99
2026-03-03,SKK01,2174.16
2026-03-03,SKK02,3059.08
2026-03-03,SKK03,1374.06
2026-03-03,SKK04,2615.96
2026-03-03,SKK05,1711.76
2026-03-04,SKK01,2187.12
2026-03-04,SKK02,3042.48
2026-03-04,SKK03,1363.49
2026-03-04,SKK04,2596.52
2026-03-04,SKK05,1710.06
2026-03-05,SKK01,2156.56
2026-03-05,SKK02,3022.24
2026-03-05,SKK03,1382.51
2026-03-05,SKK04,2556.84
2026-03-05,SKK05,1756.53
2026-03-06,SKK01,2169.84
2026-03-06,SKK02,3043.36
2026-03-06,SKK03,1336.66
2026-03-06,SKK04,2644.71
2026-03-06,SKK05,1742.49
2026-03-07,SKK01,2037.36
2026-03-07,SKK02,2928.68
2026-03-07,SKK03,1276.77
2026-03-07,SKK04,2428.25
2026-03-07,SKK05,1634.07
2026-03-08,SKK01,2073.21
2026-03-08,SKK02,2903.2
2026-03-08,SKK03,1312.33
2026-03-08,SKK04,2493.46
2026-03-08,SKK05,1688.65
2026-03-09,SKK01,2117.18
2026-03-09,SKK02,3030.59
2026-03-09,SKK03,1385.41
2026-03-09,SKK04,2587.42
2026-03-09,SKK05,1768.22
2026-03-10,SKK01,2189.69
2026-03-10,SKK02,3005.03
2026-03-10,SKK03,1386.84
2026-03-10,SKK04,2590.67
2026-03-10,SKK05,1728.81
2026-03-11,SKK01,2156.14
2026-03-11,SKK02,3025.72
2026-03-11,SKK03,1346.56
2026-03-11,SKK04,2639.88
2026-03-11,SKK05,1726.8
2026-03-12,SKK01,2209.2
2026-03-12,SKK02,3005.63
2026-03-12,SKK03,1401.02
2026-03-12,SKK04,2584.48
2026-03-12,SKK05,1747.9
2026-03-13,SKK01,2184.97
2026-03-13,SKK02,3055.6
2026-03-13,SKK03,1369.64
2026-03-13,SKK04,2594.02
2026-03-13,SKK05,1721.97
2026-03-14,SKK01,2057.07
2026-03-14,SKK02,2932.69
2026-03-14,SKK03,1346.87
2026-03-14,SKK04,2529.06
2026-03-14,SKK05,1709.03
2026-03-15,SKK01,2031.63
2026-03-15,SKK02,2934.77
2026-03-15,SKK03,1342.32
2026-03-15,SKK04,2494.6
2026-03-15,SKK05,1659.6
2026-03-16,SKK01,2230.37
2026-03-16,SKK02,3022.54
2026-03-16,SKK03,1348.94
2026-03-16,SKK04,2612.06
2026-03-16,SKK05,1735.71
2026-03-17,SKK01,2155.3
2026-03-17,SKK02,2977.75
2026-03-17,SKK03,1377.36
2026-03-17,SKK04,2571.34
2026-03-17,SKK05,1718.36
2026-03-18,SKK01,2157.5
2026-03-18,SKK02,3115.41
2026-03-18,SKK03,1361.0
2026-03-18,SKK04,2636.1
2026-03-18,SKK05,1772.53
2026-03-19,SKK01,2159.9
2026-03-19,SKK02,2998.07
2026-03-19,SKK03,1390.57
2026-03-19,SKK04,2595.19
2026-03-19,SKK05,1692.84
2026-03-20,SKK01,2147.94
2026-03-20,SKK02,2993.9
2026-03-20,SKK03,1345.27
2026-03-20,SKK04,2556.64
2026-03-20,SKK05,1733.1
2026-03-21,SKK01,2021.32
2026-03-21,SKK02,2837.06
2026-03-21,SKK03,1266.81
2026-03-21,SKK04,2492.42
2026-03-21,SKK05,1627.42
2026-03-22,SKK01,2034.13
2026-03-22,SKK02,2846.6
2026-03-22,SKK03,1285.69
2026-03-22,SKK04,2449.14
2026-03-22,SKK05,1662.54
2026-03-23,SKK01,2187.22
2026-03-23,SKK02,3073.7
2026-03-23,SKK03,1367.71
2026-03-23,SKK04,2562.16
2026-03-23,SKK05,1770.71
2026-03-24,SKK01,2222.46
2026-03-24,SKK02,3056.28
2026-03-24,SKK03,1381.28
2026-03-24,SKK04,2677.8
2026-03-24,SKK05,1756.84
2026-03-25,SKK01,2152.41
2026-03-25,SKK02,3013.81
2026-03-25,SKK03,1338.06
2026-03-25,SKK04,2576.99
2026-03-25,SKK05,1697.11
2026-03-26,SKK01,2107.6
2026-03-26,SKK02,3065.59
2026-03-26,SKK03,1345.3
2026-03-26,SKK04,2587.57
2026-03-26,SKK05,1702.25
2026-03-27,SKK01,2184.15
2026-03-27,SKK02,3021.28
2026-03-27,SKK03,1409.73
2026-03-27,SKK04,2650.23
2026-03-27,SKK05,1759.79
2026-03-28,SKK01,2027.04
2026-03-28,SKK02,2927.74
2026-03-28,SKK03,1299.15
2026-03-28,SKK04,2514.06
2026-03-28,SKK05,1640.87
2026-03-29,SKK01,2065.82
2026-03-29,SKK02,2854.24
2026-03-29,SKK03,1308.51
2026-03-29,SKK04,2452.1
2026-03-29,SKK05,1657.69
2026-03-30,SKK01,2165.37
2026-03-30,SKK02,3048.15
2026-03-30,SKK03,1382.25
2026-03-30,SKK04,2611.42
2026-03-30,SKK05,1708.59
2026-03-31,SKK01,2154.8
2026-03-31,SKK02,3000.69
2026-03-31,SKK03,1367.91
2026-03-31,SKK04,2567.88
2026-03-31,SKK05,1695.38
2026-04-01,SKK01,2161.96
2026-04-01,SKK02,2973.48
2026-04-01,SKK03,1410.98
2026-04-01,SKK04,2632.23
2026-04-01,SKK05,1748.23
2026-04-02,SKK01,2138.99
2026-04-02,SKK02,2987.68
2026-04-02,SKK03,1351.34
2026-04-02,SKK04,2561.66
2026-04-02,SKK05,1739.39
2026-04-03,SKK01,2169.09
2026-04-03,SKK02,3040.95
2026-04-03,SKK03,1360.68
2026-04-03,SKK04,2635.67
2026-04-03,SKK05,1719.79
2026-04-04,SKK01,2045.86
2026-04-04,SKK02,2922.07
2026-04-04,SKK03,1341.16
2026-04-04,SKK04,2441.53
2026-04-04,SKK05,1663.31
2026-04-05,SKK01,2097.71
2026-04-05,SKK02,2926.02
2026-04-05,SKK03,1320.37
2026-04-05,SKK04,2498.16
2026-04-05,SKK05,1697.0
2026-04-06,SKK01,2200.64
2026-04-06,SKK02,3065.65
2026-04-06,SKK03,1351.09
2026-04-06,SKK04,2597.73
2026-04-06,SKK05,1748.71
2026-04-07,SKK01,2135.14
2026-04-07,SKK02,2969.51
2026-04-07,SKK03,1355.85
2026-04-07,SKK04,2567.22
2026-04-07,SKK05,1710.56
2026-04-08,SKK01,2183.72
2026-04-08,SKK02,3050.99
2026-04-08,SKK03,1364.63
2026-04-08,SKK04,2597.08
2026-04-08,SKK05,1765.96
2026-04-09,SKK01,2212.59
2026-04-09,SKK02,3101.78
2026-04-09,SKK03,1349.95
2026-04-09,SKK04,2599.79
2026-04-09,SKK05,1757.42
2026-04-10,SKK01,2153.5
2026-04-10,SKK02,2987.23
2026-04-10,SKK03,1362.61
2026-04-10,SKK04,2577.41
2026-04-10,SKK05,1689.57
2026-04-11,SKK01,2073.48
2026-04-11,SKK02,2875.43
2026-04-11,SKK03,1269.98
2026-04-11,SKK04,2493.4
2026-04-11,SKK05,1620.89
2026-04-12,SKK01,2114.8
2026-04-12,SKK02,2942.46
2026-04-12,SKK03,1295.34
2026-04-12,SKK04,2479.19
2026-04-12,SKK05,1653.43
2026-04-13,SKK01,2191.31
2026-04-13,SKK02,3007.12
2026-04-13,SKK03,1348.84
2026-04-13,SKK04,2590.88
2026-04-13,SKK05,1731.77
2026-04-14,SKK01,2172.59
2026-04-14,SKK02,3066.4
2026-04-14,SKK03,1361.13
2026-04-14,SKK04,2615.88
2026-04-14,SKK05,1763.98
2026-04-15,SKK01,2173.58
2026-04-15,SKK02,3022.23
2026-04-15,SKK03,1358.49
2026-04-15,SKK04,2625.67
2026-04-15,SKK05,1725.57
2026-04-16,SKK01,2165.89
2026-04-16,SKK02,3094.64
2026-04-16,SKK03,1398.97
2026-04-16,SKK04,2645.11
2026-04-16,SKK05,1744.0
2026-04-17,SKK01,2170.86
2026-04-17,SKK02,3026.31
2026-04-17,SKK03,1379.67
2026-04-17,SKK04,2582.09
2026-04-17,SKK05,1736.28
2026-04-18,SKK01,2075.21
2026-04-18,SKK02,2859.94
2026-04-18,SKK03,1333.63
2026-04-18,SKK04,2473.81
2026-04-18,SKK05,1664.9
2026-04-19,SKK01,2088.7
2026-04-19,SKK02,2914.35
2026-04-19,SKK03,1303.68
2026-04-19,SKK04,2497.66
2026-04-19,SKK05,1674.82
2026-04-20,SKK01,2142.29
2026-04-20,SKK02,3076.57
2026-04-20,SKK03,1363.86
2026-04-20,SKK04,2606.89
2026-04-20,SKK05,1742.43
2026-04-21,SKK01,2180.07
2026-04-21,SKK02,3028.77
2026-04-21,SKK03,1381.05
2026-04-21,SKK04,2606.3
2026-04-21,SKK05,1727.08
2026-04-22,SKK01,2112.58
2026-04-22,SKK02,2988.93
2026-04-22,SKK03,1382.04
2026-04-22,SKK04,2602.12
2026-04-22,SKK05,1754.79
2026-04-23,SKK01,2137.52
2026-04-23,SKK02,2970.64
2026-04-23,SKK03,1389.23
2026-04-23,SKK04,2542.46
2026-04-23,SKK05,1682.33
2026-04-24,SKK01,2172.67
2026-04-24,SKK02,2982.03
2026-04-24,SKK03,1344.43
2026-04-24,SKK04,2627.63
2026-04-24,SKK05,1726.86
2026-04-25,SKK01,2056.28
2026-04-25,SKK02,2918.58
2026-04-25,SKK03,1315.02
2026-04-25,SKK04,2491.22
2026-04-25,SKK05,1684.02
2026-04-26,SKK01,2091.1
2026-04-26,SKK02,2872.68
2026-04-26,SKK03,1302.77
2026-04-26,SKK04,2509.97
2026-04-26,SKK05,1698.95
2026-04-27,SKK01,2187.53
2026-04-27,SKK02,3057.45
2026-04-27,SKK03,1359.39
2026-04-27,SKK04,2565.45
2026-04-27,SKK05,1725.62
2026-04-28,SKK01,2179.19
2026-04-28,SKK02,3066.66
2026-04-28,SKK03,1386.35
2026-04-28,SKK04,2556.98
2026-04-28,SKK05,1749.18
2026-04-29,SKK01,2184.43
2026-04-29,SKK02,3047.82
2026-04-29,SKK03,1383.12
2026-04-29,SKK04,2620.19
2026-04-29,SKK05,1748.57
2026-04-30,SKK01,2154.01
2026-04-30,SKK02,2994.61
2026-04-30,SKK03,1355.19
2026-04-30,SKK04,2578.67
2026-04-30,SKK05,1712.32
2026-05-01,SKK01,2134.7
2026-05-01,SKK02,3047.66
2026-05-01,SKK03,1320.9
2026-05-01,SKK04,2659.01
2026-05-01,SKK05,1750.08
2026-05-02,SKK01,2075.25
2026-05-02,SKK02,2868.67
2026-05-02,SKK03,1297.73
2026-05-02,SKK04,2480.82
2026-05-02,SKK05,1662.64
2026-05-03,SKK01,2050.49
2026-05-03,SKK02,2838.44
2026-05-03,SKK03,1292.07
2026-05-03,SKK04,2354.87
2026-05-03,SKK05,1629.1
2026-05-04,SKK01,2178.89
2026-05-04,SKK02,3041.55
2026-05-04,SKK03,1382.36
2026-05-04,SKK04,2575.84
2026-05-04,SKK05,1766.94
2026-05-05,SKK01,2166.2
2026-05-05,SKK02,3118.09
2026-05-05,SKK03,1437.47
2026-05-05,SKK04,2577.21
2026-05-05,SKK05,1760.92
2026-05-06,SKK01,2155.27
2026-05-06,SKK02,3028.7
2026-05-06,SKK03,1377.05
2026-05-06,SKK04,2619.29
2026-05-06,SKK05,1717.03
2026-05-07,SKK01,2218.83
2026-05-07,SKK02,3082.67
2026-05-07,SKK03,1367.23
2026-05-07,SKK04,2590.9
2026-05-07,SKK05,1758.15
2026-05-08,SKK01,2174.83
2026-05-08,SKK02,2971.87
2026-05-08,SKK03,1338.09
2026-05-08,SKK04,2653.96
2026-05-08,SKK05,1725.78
2026-05-09,SKK01,2121.1
2026-05-09,SKK02,2850.6
2026-05-09,SKK03,1310.43
2026-05-09,SKK04,2451.7
2026-05-09,SKK05,1662.27
2026-05-10,SKK01,2035.58
2026-05-10,SKK02,2886.33
2026-05-10,SKK03,1338.5
2026-05-10,SKK04,2417.57
2026-05-10,SKK05,1615.65
2026-05-11,SKK01,2126.69
2026-05-11,SKK02,3048.1
2026-05-11,SKK03,1359.5
2026-05-11,SKK04,2627.64
2026-05-11,SKK05,1719.46
2026-05-12,SKK01,2189.41
2026-05-12,SKK02,3038.23
2026-05-12,SKK03,1391.87
2026-05-12,SKK04,2632.33
2026-05-12,SKK05,1724.58
2026-05-13,SKK01,2132.48
2026-05-13,SKK02,3047.7
2026-05-13,SKK03,1285.51
2026-05-13,SKK04,2608.34
2026-05-13,SKK05,1729.05
2026-05-14,SKK01,2139.75
2026-05-14,SKK02,3067.59
2026-05-14,SKK03,1387.88
2026-05-14,SKK04,2551.66
2026-05-14,SKK05,1725.77
2026-05-15,SKK01,2133.31
2026-05-15,SKK02,2998.39
2026-05-15,SKK03,1331.42
2026-05-15,SKK04,2457.19
2026-05-15,SKK05,1703.16
2026-05-16,SKK01,2109.34
2026-05-16,SKK02,2924.82
2026-05-16,SKK03,1366.9
2026-05-16,SKK04,2545.9
2026-05-16,SKK05,1686.07
2026-05-17,SKK01,2089.53
2026-05-17,SKK02,2954.79
2026-05-17,SKK03,1307.15
2026-05-17,SKK04,2505.41
2026-05-17,SKK05,1709.7
2026-05-18,SKK01,2182.01
2026-05-18,SKK02,3024.77
2026-05-18,SKK03,1393.38
2026-05-18,SKK04,2569.53
2026-05-18,SKK05,1696.22
2026-05-19,SKK01,2177.91
2026-05-19,SKK02,3004.05
2026-05-19,SKK03,1373.64
2026-05-19,SKK04,2546.34
2026-05-19,SKK05,1702.71
2026-05-20,SKK01,2167.62
2026-05-20,SKK02,3041.83
2026-05-20,SKK03,1336.92
2026-05-20,SKK04,2551.86
2026-05-20,SKK05,1727.31
2026-05-21,SKK01,2141.6
2026-05-21,SKK02,3048.41
2026-05-21,SKK03,1400.52
2026-05-21,SKK04,2619.52
2026-05-21,SKK05,1720.13
2026-05-22,SKK01,2181.09
2026-05-22,SKK02,2997.85
2026-05-22,SKK03,1366.89
2026-05-22,SKK04,2604.94
2026-05-22,SKK05,1735.12
2026-05-23,SKK01,2106.36
2026-05-23,SKK02,2912.13
2026-05-23,SKK03,1292.81
2026-05-23,SKK04,2505.23
2026-05-23,SKK05,1686.76
2026-05-24,SKK01,2044.38
2026-05-24,SKK02,2832.19
2026-05-24,SKK03,1298.07
2026-05-24,SKK04,2473.6
2026-05-24,SKK05,1617.66
2026-05-25,SKK01,2174.73
2026-05-25,SKK02,3007.46
2026-05-25,SKK03,1374.94
2026-05-25,SKK04,2637.01
2026-05-25,SKK05,1726.77
2026-05-26,SKK01,2199.74
2026-05-26,SKK02,3070.0
2026-05-26,SKK03,1383.51
2026-05-26,SKK04,2589.48
2026-05-26,SKK05,1762.22
2026-05-27,SKK01,2188.96
2026-05-27,SKK02,3041.68
2026-05-27,SKK03,1382.11
2026-05-27,SKK04,2605.45
2026-05-27,SKK05,1749.17
2026-05-28,SKK01,2160.05
2026-05-28,SKK02,3069.06
2026-05-28,SKK03,1351.23
2026-05-28,SKK04,2619.5
2026-05-28,SKK05,1719.96
2026-05-29,SKK01,2186.56
2026-05-29,SKK02,2921.93
2026-05-29,SKK03,1346.45
2026-05-29,SKK04,2540.92
2026-05-29,SKK05,1697.67
2026-05-30,SKK01,2084.9
2026-05-30,SKK02,2966.05
2026-05-30,SKK03,1306.26
2026-05-30,SKK04,2507.89
2026-05-30,SKK05,1674.34
2026-05-31,SKK01,2037.98
2026-05-31,SKK02,2943.67
2026-05-31,SKK03,1297.38
2026-05-31,SKK04,2458.15
2026-05-31,SKK05,1640.55
2026-06-01,SKK01,2007.08
2026-06-01,SKK02,2818.42
2026-06-01,SKK03,1243.12
2026-06-01,SKK04,2397.36
2026-06-01,SKK05,1590.32
2026-06-02,SKK01,2007.62
2026-06-02,SKK02,2794.37
2026-06-02,SKK03,1299.68
2026-06-02,SKK04,2320.16
2026-06-02,SKK05,1605.9
2026-06-03,SKK01,1924.04
2026-06-03,SKK02,2717.03
2026-06-03,SKK03,1218.86
2026-06-03,SKK04,2289.47
2026-06-03,SKK05,1543.29
2026-06-04,SKK01,2019.77
2026-06-04,SKK02,1950.04
2026-06-04,SKK03,1262.26
2026-06-04,SKK04,2364.48
2026-06-04,SKK05,1544.03
2026-06-05,SKK01,1974.03
2026-06-05,SKK02,1821.94
2026-06-05,SKK03,1284.28
2026-06-05,SKK04,2427.05
2026-06-05,SKK05,1599.21
2026-06-06,SKK01,1672.79
2026-06-06,SKK02,1614.44
2026-06-06,SKK03,1028.8
2026-06-06,SKK04,2004.13
2026-06-06,SKK05,1336.43
2026-06-07,SKK01,1809.9
2026-06-07,SKK02,1687.34
2026-06-07,SKK03,1160.98
2026-06-07,SKK04,2157.73
2026-06-07,SKK05,1427.74
2026-06-08,SKK01,1982.78
2026-06-08,SKK02,1866.32
2026-06-08,SKK03,1247.73
2026-06-08,SKK04,2325.53
2026-06-08,SKK05,1589.78
2026-06-09,SKK01,1871.14
2026-06-09,SKK02,1755.74
2026-06-09,SKK03,1171.73
2026-06-09,SKK04,2276.64
2026-06-09,SKK05,1529.75
2026-06-10,SKK01,1948.79
2026-06-10,SKK02,2389.26
2026-06-10,SKK03,1284.59
2026-06-10,SKK04,2418.81
2026-06-10,SKK05,1598.81
2026-06-11,SKK01,1991.83
2026-06-11,SKK02,2845.85
2026-06-11,SKK03,1213.93
2026-06-11,SKK04,2405.67
2026-06-11,SKK05,1646.88
2026-06-12,SKK01,2051.83
2026-06-12,SKK02,2801.23
2026-06-12,SKK03,1282.14
2026-06-12,SKK04,2341.18
2026-06-12,SKK05,1563.81
2026-06-13,SKK01,1715.79
2026-06-13,SKK02,2416.87
2026-06-13,SKK03,1096.97
2026-06-13,SKK04,2097.14
2026-06-13,SKK05,1420.8
2026-06-14,SKK01,1700.58
2026-06-14,SKK02,2430.05
2026-06-14,SKK03,1079.05
2026-06-14,SKK04,1996.24
2026-06-14,SKK05,1377.6
2026-06-15,SKK01,1945.14
2026-06-15,SKK02,2774.07
2026-06-15,SKK03,1282.78
2026-06-15,SKK04,2355.13
2026-06-15,SKK05,1584.78
2026-06-16,SKK01,2044.21
2026-06-16,SKK02,2812.35
2026-06-16,SKK03,1250.43
2026-06-16,SKK04,2433.35
2026-06-16,SKK05,1614.0
2026-06-17,SKK01,1740.08
2026-06-17,SKK02,2451.67
2026-06-17,SKK03,1113.79
2026-06-17,SKK04,2062.98
2026-06-17,SKK05,1376.02
2026-06-18,SKK01,1926.79
2026-06-18,SKK02,2777.09
2026-06-18,SKK03,1238.8
2026-06-18,SKK04,2362.27
2026-06-18,SKK05,1573.13
2026-06-19,SKK01,1999.19
2026-06-19,SKK02,2793.37
2026-06-19,SKK03,1267.9
2026-06-19,SKK04,2402.08
2026-06-19,SKK05,1552.93
2026-06-20,SKK01,1818.78
2026-06-20,SKK02,2586.32
2026-06-20,SKK03,1194.52
2026-06-20,SKK04,2220.52
2026-06-20,SKK05,1502.32
2026-06-21,SKK01,1778.34
2026-06-21,SKK02,2455.21
2026-06-21,SKK03,1069.96
2026-06-21,SKK04,2100.93
2026-06-21,SKK05,1393.56
2026-06-22,SKK01,1918.56
2026-06-22,SKK02,2722.83
2026-06-22,SKK03,1231.37
2026-06-22,SKK04,2317.87
2026-06-22,SKK05,1550.34
2026-06-23,SKK01,1978.07
2026-06-23,SKK02,2791.65
2026-06-23,SKK03,1289.3
2026-06-23,SKK04,2402.4
2026-06-23,SKK05,1583.54
2026-06-24,SKK01,1996.83
2026-06-24,SKK02,2829.04
2026-06-24,SKK03,1280.27
2026-06-24,SKK04,2404.51
2026-06-24,SKK05,1589.25
2026-06-25,SKK01,1972.52
2026-06-25,SKK02,2745.82
2026-06-25,SKK03,1243.75
2026-06-25,SKK04,2410.04
2026-06-25,SKK05,1570.53
2026-06-26,SKK01,2009.92
2026-06-26,SKK02,2776.29
2026-06-26,SKK03,1265.77
2026-06-26,SKK04,2441.36
2026-06-26,SKK05,1567.9
2026-06-27,SKK01,1804.62
2026-06-27,SKK02,2488.81
2026-06-27,SKK03,1124.0
2026-06-27,SKK04,2117.28
2026-06-27,SKK05,1409.59
2026-06-28,SKK01,1756.72
2026-06-28,SKK02,2478.75
2026-06-28,SKK03,1136.9
2026-06-28,SKK04,2079.75
2026-06-28,SKK05,1404.49
2026-06-29,SKK01,1989.23
2026-06-29,SKK02,2778.82
2026-06-29,SKK03,1220.78
2026-06-29,SKK04,2388.42
2026-06-29,SKK05,1580.76
2026-06-30,SKK01,1912.72
2026-06-30,SKK02,2738.83
2026-06-30,SKK03,1232.0
2026-06-30,SKK04,2379.2
2026-06-30,SKK05,1525.51
2026-07-01,SKK01,2008.66
2026-07-01,SKK02,2807.91
2026-07-01,SKK03,1299.76
2026-07-01,SKK04,2397.7
2026-07-01,SKK05,1593.47
2026-07-02,SKK01,2075.19
2026-07-02,SKK02,2865.84
2026-07-02,SKK03,1241.77
2026-07-02,SKK04,2418.05
2026-07-02,SKK05,1576.24
2026-07-03,SKK01,1883.53
2026-07-03,SKK02,2673.19
2026-07-03,SKK03,1216.4
2026-07-03,SKK04,2242.88
2026-07-03,SKK05,1538.22
2026-07-04,SKK01,1715.92
2026-07-04,SKK02,1705.89
2026-07-04,SKK03,1070.94
2026-07-04,SKK04,2085.61
2026-07-04,SKK05,1363.05
2026-07-05,SKK01,1823.06
2026-07-05,SKK02,1702.7
2026-07-05,SKK03,1171.43
2026-07-05,SKK04,2160.54
2026-07-05,SKK05,1450.43
2026-07-06,SKK01,1983.35
2026-07-06,SKK02,1831.82
2026-07-06,SKK03,1264.88
2026-07-06,SKK04,2393.97
2026-07-06,SKK05,1574.93
2026-07-07,SKK01,2016.92
2026-07-07,SKK02,1878.84
2026-07-07,SKK03,1279.64
2026-07-07,SKK04,2337.3
2026-07-07,SKK05,1595.85
2026-07-08,SKK01,1956.11
2026-07-08,SKK02,1898.48
2026-07-08,SKK03,1243.12
2026-07-08,SKK04,2391.56
2026-07-08,SKK05,1590.4
2026-07-09,SKK01,1964.36
2026-07-09,SKK02,1800.18
2026-07-09,SKK03,1253.45
2026-07-09,SKK04,2305.77
2026-07-09,SKK05,1549.14
2026-07-10,SKK01,2005.04
2026-07-10,SKK02,2333.59
2026-07-10,SKK03,1277.44
2026-07-10,SKK04,2380.23
2026-07-10,SKK05,1566.72
2026-07-11,SKK01,1726.97
2026-07-11,SKK02,2441.64
2026-07-11,SKK03,1095.1
2026-07-11,SKK04,2070.03
2026-07-11,SKK05,1397.43
2026-07-12,SKK01,1674.96
2026-07-12,SKK02,2325.66
2026-07-12,SKK03,1067.43
2026-07-12,SKK04,2009.2
2026-07-12,SKK05,1325.72
2026-07-13,SKK01,1964.18
2026-07-13,SKK02,2810.62
2026-07-13,SKK03,1218.0
2026-07-13,SKK04,2378.33
2026-07-13,SKK05,1557.78
2026-07-14,SKK01,1984.35
2026-07-14,SKK02,2747.27
2026-07-14,SKK03,1258.26
2026-07-14,SKK04,2323.87
2026-07-14,SKK05,1576.94
2026-07-15,SKK01,1969.24
2026-07-15,SKK02,2776.43
2026-07-15,SKK03,1256.33
2026-07-15,SKK04,2368.62
2026-07-15,SKK05,1587.1
2026-07-16,SKK01,1960.35
2026-07-16,SKK02,2648.57
2026-07-16,SKK03,1219.81
2026-07-16,SKK04,2325.89
2026-07-16,SKK05,1495.98
2026-07-17,SKK01,2000.44
2026-07-17,SKK02,2785.75
2026-07-17,SKK03,1231.97
2026-07-17,SKK04,2408.11
2026-07-17,SKK05,1595.97
2026-07-18,SKK01,1862.28
2026-07-18,SKK02,2553.91
2026-07-18,SKK03,1150.1
2026-07-18,SKK04,2165.05
2026-07-18,SKK05,1496.09
2026-07-19,SKK01,1704.64
2026-07-19,SKK02,2369.5
2026-07-19,SKK03,1033.13
2026-07-19,SKK04,2002.05
2026-07-19,SKK05,1354.42
2026-07-20,SKK01,1944.32
2026-07-20,SKK02,2688.35
2026-07-20,SKK03,1209.78
2026-07-20,SKK04,2274.45
2026-07-20,SKK05,1536.24
2026-07-21,SKK01,1955.85
2026-07-21,SKK02,2806.26
2026-07-21,SKK03,1279.09
2026-07-21,SKK04,2358.07
2026-07-21,SKK05,1607.47
2026-07-22,SKK01,1991.23
2026-07-22,SKK02,2717.94
2026-07-22,SKK03,1291.72
2026-07-22,SKK04,2318.31
2026-07-22,SKK05,1585.96
2026-07-23,SKK01,1983.68
2026-07-23,SKK02,2733.48
2026-07-23,SKK03,1220.79
2026-07-23,SKK04,2354.87
2026-07-23,SKK05,1562.76
2026-07-24,SKK01,1939.04
2026-07-24,SKK02,2822.36
2026-07-24,SKK03,1280.94
2026-07-24,SKK04,2323.45
2026-07-24,SKK05,1583.48
2026-07-25,SKK01,1690.87
2026-07-25,SKK02,2356.62
2026-07-25,SKK03,1053.08
2026-07-25,SKK04,1993.27
2026-07-25,SKK05,1346.81
2026-07-26,SKK01,1693.69
2026-07-26,SKK02,2350.85
2026-07-26,SKK03,1040.86
2026-07-26,SKK04,2034.88
2026-07-26,SKK05,1346.16
2026-07-27,SKK01,1906.23
2026-07-27,SKK02,2622.95
2026-07-27,SKK03,1218.07
2026-07-27,SKK04,2294.14
2026-07-27,SKK05,1496.21
2026-07-28,SKK01,1984.36
2026-07-28,SKK02,2762.97
2026-07-28,SKK03,1272.59
2026-07-28,SKK04,2347.04
2026-07-28,SKK05,1601.68
2026-07-29,SKK01,1921.58
2026-07-29,SKK02,2675.35
2026-07-29,SKK03,1232.33
2026-07-29,SKK04,2261.69
2026-07-29,SKK05,1531.19
2026-07-30,SKK01,1878.54
2026-07-30,SKK02,2649.33
2026-07-30,SKK03,1192.35
2026-07-30,SKK04,2270.98
2026-07-30,SKK05,1518.8
2026-07-31,SKK01,1871.72
2026-07-31,SKK02,2686.22
2026-07-31,SKK03,1239.59
2026-07-31,SKK04,2274.72
2026-07-31,SKK05,1518.0
2026-08-01,SKK01,1864.12
2026-08-01,SKK02,2512.93
2026-08-01,SKK03,1153.09
2026-08-01,SKK04,2254.25
2026-08-01,SKK05,1472.11
2026-08-02,SKK01,1665.27
2026-08-02,SKK02,2382.86
2026-08-02,SKK03,1047.58
2026-08-02,SKK04,2013.69
2026-08-02,SKK05,1358.7
2026-08-03,SKK01,1961.57
2026-08-03,SKK02,2771.62
2026-08-03,SKK03,1273.75
2026-08-03,SKK04,2380.68
2026-08-03,SKK05,1622.47
2026-08-04,SKK01,2026.08
2026-08-04,SKK02,2799.59
2026-08-04,SKK03,1269.38
2026-08-04,SKK04,2393.39
2026-08-04,SKK05,1560.24
2026-08-05,SKK01,1978.68
2026-08-05,SKK02,2831.63
2026-08-05,SKK03,1277.54
2026-08-05,SKK04,2390.95
2026-08-05,SKK05,1578.54
2026-08-06,SKK01,2016.06
2026-08-06,SKK02,2763.59
2026-08-06,SKK03,1279.66
2026-08-06,SKK04,2434.53
2026-08-06,SKK05,1606.94
2026-08-07,SKK01,2026.84
2026-08-07,SKK02,2824.77
2026-08-07,SKK03,1269.16
2026-08-07,SKK04,2347.96
2026-08-07,SKK05,1576.51
2026-08-08,SKK01,1656.26
2026-08-08,SKK02,2307.8
2026-08-08,SKK03,1004.83
2026-08-08,SKK04,2024.92
2026-08-08,SKK05,1320.25
2026-08-09,SKK01,1829.08
2026-08-09,SKK02,2583.42
2026-08-09,SKK03,1128.0
2026-08-09,SKK04,2207.98
2026-08-09,SKK05,1486.3
2026-08-10,SKK01,1994.11
2026-08-10,SKK02,2795.75
2026-08-10,SKK03,1313.5
2026-08-10,SKK04,2414.03
2026-08-10,SKK05,1619.03
2026-08-11,SKK01,1960.81
2026-08-11,SKK02,2787.89
2026-08-11,SKK03,1257.48
2026-08-11,SKK04,2354.6
2026-08-11,SKK05,1641.41
2026-08-12,SKK01,1854.34
2026-08-12,SKK02,2662.13
2026-08-12,SKK03,1193.01
2026-08-12,SKK04,2282.74
2026-08-12,SKK05,1519.51
2026-08-13,SKK01,2011.81
2026-08-13,SKK02,2814.25
2026-08-13,SKK03,1268.81
2026-08-13,SKK04,2445.83
2026-08-13,SKK05,1590.7
2026-08-14,SKK01,1966.41
2026-08-14,SKK02,2737.68
2026-08-14,SKK03,1274.41
2026-08-14,SKK04,2376.29
2026-08-14,SKK05,1587.45
2026-08-15,SKK01,1679.3
2026-08-15,SKK02,2294.3
2026-08-15,SKK03,1018.15
2026-08-15,SKK04,1940.82
2026-08-15,SKK05,1306.21
2026-08-16,SKK01,1556.93
2026-08-16,SKK02,2241.81
2026-08-16,SKK03,1021.63
2026-08-16,SKK04,1887.32
2026-08-16,SKK05,1271.63
2026-08-17,SKK01,2019.73
2026-08-17,SKK02,2778.52
2026-08-17,SKK03,1261.36
2026-08-17,SKK04,2409.35
2026-08-17,SKK05,1557.37
2026-08-18,SKK01,2004.47
2026-08-18,SKK02,2752.76
2026-08-18,SKK03,1255.39
2026-08-18,SKK04,2457.95
2026-08-18,SKK05,1617.78
2026-08-19,SKK01,1956.47
2026-08-19,SKK02,2810.32
2026-08-19,SKK03,1247.88
2026-08-19,SKK04,2410.62
2026-08-19,SKK05,1587.81
2026-08-20,SKK01,1956.63
2026-08-20,SKK02,2777.7
2026-08-20,SKK03,1264.14
2026-08-20,SKK04,2385.23
2026-08-20,SKK05,1574.68
2026-08-21,SKK01,1950.68
2026-08-21,SKK02,2782.9
2026-08-21,SKK03,1278.72
2026-08-21,SKK04,2410.57
2026-08-21,SKK05,1579.38
2026-08-22,SKK01,1710.31
2026-08-22,SKK02,2390.32
2026-08-22,SKK03,1118.2
2026-08-22,SKK04,2070.87
2026-08-22,SKK05,1386.57
2026-08-23,SKK01,1825.65
2026-08-23,SKK02,2623.13
2026-08-23,SKK03,1174.31
2026-08-23,SKK04,2183.69
2026-08-23,SKK05,1454.29
2026-08-24,SKK01,1976.18
2026-08-24,SKK02,2771.97
2026-08-24,SKK03,1217.45
2026-08-24,SKK04,2371.14
2026-08-24,SKK05,1616.66
2026-08-25,SKK01,1917.03
2026-08-25,SKK02,2676.13
2026-08-25,SKK03,1190.77
2026-08-25,SKK04,2291.24
2026-08-25,SKK05,1515.04
2026-08-26,SKK01,1865.02
2026-08-26,SKK02,2698.3
2026-08-26,SKK03,1194.28
2026-08-26,SKK04,2304.39
2026-08-26,SKK05,1522.49
2026-08-27,SKK01,1878.58
2026-08-27,SKK02,2625.49
2026-08-27,SKK03,1161.61
2026-08-27,SKK04,2236.14
2026-08-27,SKK05,1477.04
2026-08-28,SKK01,1905.1
2026-08-28,SKK02,2657.49
2026-08-28,SKK03,1246.55
2026-08-28,SKK04,2315.35
2026-08-28,SKK05,1564.36
2026-08-29,SKK01,1698.13
2026-08-29,SKK02,2348.51
2026-08-29,SKK03,1068.15
2026-08-29,SKK04,2071.02
2026-08-29,SKK05,1380.14
2026-08-30,SKK01,1732.29
2026-08-30,SKK02,2377.22
2026-08-30,SKK03,1076.95
2026-08-30,SKK04,1990.62
2026-08-30,SKK05,1346.44
2026-08-31,SKK01,2026.47
2026-08-31,SKK02,2825.44
2026-08-31,SKK03,1283.08
2026-08-31,SKK04,2433.36
2026-08-31,SKK05,1580.25
2026-09-01,SKK01,2293.37
2026-09-01,SKK02,3154.57
2026-09-01,SKK03,1424.89
2026-09-01,SKK04,2754.3
2026-09-01,SKK05,1826.86
2026-09-02,SKK01,2296.75
2026-09-02,SKK02,3232.19
2026-09-02,SKK03,1458.62
2026-09-02,SKK04,2742.61
2026-09-02,SKK05,1841.22
2026-09-03,SKK01,2277.64
2026-09-03,SKK02,3131.54
2026-09-03,SKK03,1430.01
2026-09-03,SKK04,2730.32
2026-09-03,SKK05,1793.37
2026-09-04,SKK01,2278.77
2026-09-04,SKK02,3207.17
2026-09-04,SKK03,1421.82
2026-09-04,SKK04,2736.81
2026-09-04,SKK05,1797.88
2026-09-05,SKK01,2188.81
2026-09-05,SKK02,2987.98
2026-09-05,SKK03,1385.91
2026-09-05,SKK04,2591.23
2026-09-05,SKK05,1769.43
2026-09-06,SKK01,2226.74
2026-09-06,SKK02,3084.27
2026-09-06,SKK03,1470.67
2026-09-06,SKK04,2609.2
2026-09-06,SKK05,1736.38
2026-09-07,SKK01,2233.52
2026-09-07,SKK02,3166.73
2026-09-07,SKK03,1420.38
2026-09-07,SKK04,2688.87
2026-09-07,SKK05,1796.63
2026-09-08,SKK01,2273.22
2026-09-08,SKK02,3219.7
2026-09-08,SKK03,1471.26
2026-09-08,SKK04,2728.54
2026-09-08,SKK05,1798.61
2026-09-09,SKK01,2313.72
2026-09-09,SKK02,3178.7
2026-09-09,SKK03,1429.85
2026-09-09,SKK04,2721.77
2026-09-09,SKK05,1824.06
2026-09-10,SKK01,2275.14
2026-09-10,SKK02,3267.72
2026-09-10,SKK03,1457.86
2026-09-10,SKK04,2719.43
2026-09-10,SKK05,1815.36
2026-09-11,SKK01,2264.13
2026-09-11,SKK02,3141.95
2026-09-11,SKK03,1434.17
2026-09-11,SKK04,2713.4
2026-09-11,SKK05,1769.37
2026-09-12,SKK01,2169.83
2026-09-12,SKK02,3065.23
2026-09-12,SKK03,1402.98
2026-09-12,SKK04,2660.42
2026-09-12,SKK05,1735.66
2026-09-13,SKK01,2149.02
2026-09-13,SKK02,3099.72
2026-09-13,SKK03,1428.85
2026-09-13,SKK04,2645.71
2026-09-13,SKK05,1741.88
2026-09-14,SKK01,2312.3
2026-09-14,SKK02,3195.96
2026-09-14,SKK03,1461.69
2026-09-14,SKK04,2744.75
2026-09-14,SKK05,1833.97
2026-09-15,SKK01,2268.25
2026-09-15,SKK02,3187.52
2026-09-15,SKK03,1442.28
2026-09-15,SKK04,2690.66
2026-09-15,SKK05,1822.46
2026-09-16,SKK01,2324.04
2026-09-16,SKK02,3173.42
2026-09-16,SKK03,1419.93
2026-09-16,SKK04,2736.32
2026-09-16,SKK05,1835.2
2026-09-17,SKK01,2270.98
2026-09-17,SKK02,3136.91
2026-09-17,SKK03,1427.48
2026-09-17,SKK04,2692.4
2026-09-17,SKK05,1796.43
2026-09-18,SKK01,2298.52
2026-09-18,SKK02,3246.28
2026-09-18,SKK03,1453.73
2026-09-18,SKK04,2727.15
2026-09-18,SKK05,1815.04
2026-09-19,SKK01,2155.91
2026-09-19,SKK02,3017.29
2026-09-19,SKK03,1335.92
2026-09-19,SKK04,2558.01
2026-09-19,SKK05,1729.52
2026-09-20,SKK01,2191.63
2026-09-20,SKK02,3090.94
2026-09-20,SKK03,1394.45
2026-09-20,SKK04,2692.95
2026-09-20,SKK05,1756.08
2026-09-21,SKK01,2251.55
2026-09-21,SKK02,3215.73
2026-09-21,SKK03,1413.33
2026-09-21,SKK04,2758.7
2026-09-21,SKK05,1839.25
2026-09-22,SKK01,2291.93
2026-09-22,SKK02,3218.29
2026-09-22,SKK03,1433.03
2026-09-22,SKK04,2750.81
2026-09-22,SKK05,1825.36
2026-09-23,SKK01,2288.62
2026-09-23,SKK02,3213.44
2026-09-23,SKK03,1467.88
2026-09-23,SKK04,2744.43
2026-09-23,SKK05,1830.18
2026-09-24,SKK01,2268.0
2026-09-24,SKK02,3108.76
2026-09-24,SKK03,1481.5
2026-09-24,SKK04,2788.38
2026-09-24,SKK05,1844.73
2026-09-25,SKK01,2255.82
2026-09-25,SKK02,3118.11
2026-09-25,SKK03,1426.52
2026-09-25,SKK04,2719.34
2026-09-25,SKK05,1833.41
2026-09-26,SKK01,2201.56
2026-09-26,SKK02,3112.63
2026-09-26,SKK03,1367.17
2026-09-26,SKK04,2618.62
2026-09-26,SKK05,1714.7
2026-09-27,SKK01,2194.09
2026-09-27,SKK02,3086.71
2026-09-27,SKK03,1385.07
2026-09-27,SKK04,2671.32
2026-09-27,SKK05,1740.81
2026-09-28,SKK01,2272.0
2026-09-28,SKK02,3153.28
2026-09-28,SKK03,1456.15
2026-09-28,SKK04,2716.79
2026-09-28,SKK05,1804.87
2026-09-29,SKK01,2294.49
2026-09-29,SKK02,3244.67
2026-09-29,SKK03,1488.63
2026-09-29,SKK04,2782.13
2026-09-29,SKK05,1837.16
2026-09-30,SKK01,2288.35
2026-09-30,SKK02,3169.32
2026-09-30,SKK03,1410.7
2026-09-30,SKK04,2764.68
2026-09-30,SKK05,1848.84
2026-10-01,SKK01,2294.53
2026-10-01,SKK02,3170.35
2026-10-01,SKK03,1464.82
2026-10-01,SKK04,2760.07
2026-10-01,SKK05,1826.71
2026-10-02,SKK01,2278.27
2026-10-02,SKK02,3128.58
2026-10-02,SKK03,1420.53
2026-10-02,SKK04,2731.32
2026-10-02,SKK05,1787.79
2026-10-03,SKK01,2196.94
2026-10-03,SKK02,3121.87
2026-10-03,SKK03,1427.0
2026-10-03,SKK04,2667.6
2026-10-03,SKK05,1763.47
2026-10-04,SKK01,2205.28
2026-10-04,SKK02,3111.06
2026-10-04,SKK03,1402.56
2026-10-04,SKK04,2650.51
2026-10-04,SKK05,1799.72
2026-10-05,SKK01,2282.91
2026-10-05,SKK02,3190.19
2026-10-05,SKK03,1423.52
2026-10-05,SKK04,2718.46
2026-10-05,SKK05,1814.99
2026-10-06,SKK01,2271.98
2026-10-06,SKK02,3157.86
2026-10-06,SKK03,1489.6
2026-10-06,SKK04,2708.26
2026-10-06,SKK05,1799.58
2026-10-07,SKK01,2218.87
2026-10-07,SKK02,3158.65
2026-10-07,SKK03,1429.62
2026-10-07,SKK04,2722.22
2026-10-07,SKK05,1829.14
2026-10-08,SKK01,2316.98
2026-10-08,SKK02,3200.53
2026-10-08,SKK03,1442.71
2026-10-08,SKK04,2748.33
2026-10-08,SKK05,1837.65
2026-10-09,SKK01,2270.52
2026-10-09,SKK02,3210.7
2026-10-09,SKK03,1470.33
2026-10-09,SKK04,2675.73
2026-10-09,SKK05,1806.64
2026-10-10,SKK01,2170.82
2026-10-10,SKK02,3002.85
2026-10-10,SKK03,1297.56
2026-10-10,SKK04,2554.17
2026-10-10,SKK05,1687.39
2026-10-11,SKK01,2157.21
2026-10-11,SKK02,3055.92
2026-10-11,SKK03,1388.01
2026-10-11,SKK04,2593.83
2026-10-11,SKK05,1743.34
2026-10-12,SKK01,2322.17
2026-10-12,SKK02,3260.48
2026-10-12,SKK03,1448.8
2026-10-12,SKK04,2749.95
2026-10-12,SKK05,1864.5
2026-10-13,SKK01,2264.62
2026-10-13,SKK02,3221.88
2026-10-13,SKK03,1485.58
2026-10-13,SKK04,2731.22
2026-10-13,SKK05,1838.85
2026-10-14,SKK01,2215.33
2026-10-14,SKK02,3193.06
2026-10-14,SKK03,1474.79
2026-10-14,SKK04,2813.28
2026-10-14,SKK05,1858.5
2026-10-15,SKK01,2267.43
2026-10-15,SKK02,3169.98
2026-10-15,SKK03,1452.39
2026-10-15,SKK04,2736.57
2026-10-15,SKK05,1871.84
2026-10-16,SKK01,2311.61
2026-10-16,SKK02,3154.83
2026-10-16,SKK03,1469.02
2026-10-16,SKK04,2773.76
2026-10-16,SKK05,1851.19
2026-10-17,SKK01,2168.68
2026-10-17,SKK02,3021.4
2026-10-17,SKK03,1390.27
2026-10-17,SKK04,2616.03
2026-10-17,SKK05,1694.09
2026-10-18,SKK01,2188.35
2026-10-18,SKK02,3079.33
2026-10-18,SKK03,1377.98
2026-10-18,SKK04,2681.75
2026-10-18,SKK05,1770.33
2026-10-19,SKK01,2239.74
2026-10-19,SKK02,3229.08
2026-10-19,SKK03,1424.02
2026-10-19,SKK04,2767.97
2026-10-19,SKK05,1824.04
2026-10-20,SKK01,2260.61
2026-10-20,SKK02,3160.0
2026-10-20,SKK03,1437.78
2026-10-20,SKK04,2719.47
2026-10-20,SKK05,1796.79
2026-10-21,SKK01,2279.24
2026-10-21,SKK02,3161.09
2026-10-21,SKK03,1444.4
2026-10-21,SKK04,2738.99
2026-10-21,SKK05,1797.47
2026-10-22,SKK01,2313.35
2026-10-22,SKK02,3194.05
2026-10-22,SKK03,1401.19
2026-10-22,SKK04,2729.69
2026-10-22,SKK05,1818.15
2026-10-23,SKK01,2273.75
2026-10-23,SKK02,3182.19
2026-10-23,SKK03,1453.02
2026-10-23,SKK04,2716.69
2026-10-23,SKK05,1784.56
2026-10-24,SKK01,2196.29
2026-10-24,SKK02,3106.45
2026-10-24,SKK03,1414.43
2026-10-24,SKK04,2658.59
2026-10-24,SKK05,1789.35
2026-10-25,SKK01,2226.41
2026-10-25,SKK02,3092.51
2026-10-25,SKK03,1421.7
2026-10-25,SKK04,2561.28
2026-10-25,SKK05,1775.17
2026-10-26,SKK01,2309.69
2026-10-26,SKK02,3141.25
2026-10-26,SKK03,1470.77
2026-10-26,SKK04,2753.53
2026-10-26,SKK05,1770.41
2026-10-27,SKK01,2277.72
2026-10-27,SKK02,3219.14
2026-10-27,SKK03,1441.71
2026-10-27,SKK04,2733.58
2026-10-27,SKK05,1809.13
2026-10-28,SKK01,2274.32
2026-10-28,SKK02,3167.89
2026-10-28,SKK03,1448.63
2026-10-28,SKK04,2757.85
2026-10-28,SKK05,1804.61
2026-10-29,SKK01,2286.04
2026-10-29,SKK02,3147.56
2026-10-29,SKK03,1469.25
2026-10-29,SKK04,2647.69
2026-10-29,SKK05,1817.69
2026-10-30,SKK01,2260.62
2026-10-30,SKK02,3216.94
2026-10-30,SKK03,1445.24
2026-10-30,SKK04,2797.72
2026-10-30,SKK05,1855.9
2026-10-31,SKK01,2172.79
2026-10-31,SKK02,3010.2
2026-10-31,SKK03,1365.4
2026-10-31,SKK04,2589.66
2026-10-31,SKK05,1708.01
2026-11-01,SKK01,2193.79
2026-11-01,SKK02,3128.36
2026-11-01,SKK03,1404.7
2026-11-01,SKK04,2658.49
2026-11-01,SKK05,1783.09
2026-11-02,SKK01,2266.19
2026-11-02,SKK02,3243.54
2026-11-02,SKK03,1434.99
2026-11-02,SKK04,2706.48
2026-11-02,SKK05,1843.98
2026-11-03,SKK01,2294.62
2026-11-03,SKK02,3166.99
2026-11-03,SKK03,1428.75
2026-11-03,SKK04,2718.53
2026-11-03,SKK05,1767.33
2026-11-04,SKK01,2255.28
2026-11-04,SKK02,3153.73
2026-11-04,SKK03,1451.05
2026-11-04,SKK04,2675.35
2026-11-04,SKK05,1822.7
2026-11-05,SKK01,2288.46
2026-11-05,SKK02,3198.36
2026-11-05,SKK03,1476.02
2026-11-05,SKK04,2707.19
2026-11-05,SKK05,1874.35
2026-11-06,SKK01,2327.95
2026-11-06,SKK02,3228.68
2026-11-06,SKK03,1467.86
2026-11-06,SKK04,2792.31
2026-11-06,SKK05,1799.79
2026-11-07,SKK01,2192.2
2026-11-07,SKK02,3079.91
2026-11-07,SKK03,1420.27
2026-11-07,SKK04,2661.7
2026-11-07,SKK05,1759.43
2026-11-08,SKK01,2228.9
2026-11-08,SKK02,3051.82
2026-11-08,SKK03,1398.61
2026-11-08,SKK04,2605.3
2026-11-08,SKK05,1751.34
2026-11-09,SKK01,2325.04
2026-11-09,SKK02,3205.58
2026-11-09,SKK03,1434.64
2026-11-09,SKK04,2757.07
2026-11-09,SKK05,1829.37
2026-11-10,SKK01,2233.61
2026-11-10,SKK02,3216.59
2026-11-10,SKK03,1381.92
2026-11-10,SKK04,2678.25
2026-11-10,SKK05,1801.93
2026-11-11,SKK01,2307.43
2026-11-11,SKK02,3220.45
2026-11-11,SKK03,1470.15
2026-11-11,SKK04,2735.51
2026-11-11,SKK05,1825.71
2026-11-12,SKK01,2249.17
2026-11-12,SKK02,3152.33
2026-11-12,SKK03,1429.69
2026-11-12,SKK04,2774.25
2026-11-12,SKK05,1820.01
2026-11-13,SKK01,2296.11
2026-11-13,SKK02,3223.98
2026-11-13,SKK03,1442.55
2026-11-13,SKK04,2802.29
2026-11-13,SKK05,1866.39
2026-11-14,SKK01,2165.23
2026-11-14,SKK02,3074.16
2026-11-14,SKK03,1427.94
2026-11-14,SKK04,2611.49
2026-11-14,SKK05,1757.87
2026-11-15,SKK01,2189.1
2026-11-15,SKK02,2987.93
2026-11-15,SKK03,1358.01
2026-11-15,SKK04,2595.95
2026-11-15,SKK05,1766.49
2026-11-16,SKK01,2235.6
2026-11-16,SKK02,3084.58
2026-11-16,SKK03,1449.8
2026-11-16,SKK04,2733.65
2026-11-16,SKK05,1789.82
2026-11-17,SKK01,2299.1
2026-11-17,SKK02,3159.81
2026-11-17,SKK03,1423.67
2026-11-17,SKK04,2699.88
2026-11-17,SKK05,1796.41
2026-11-18,SKK01,2299.63
2026-11-18,SKK02,3202.94
2026-11-18,SKK03,1482.9
2026-11-18,SKK04,2777.34
2026-11-18,SKK05,1843.52
2026-11-19,SKK01,2304.79
2026-11-19,SKK02,3202.01
2026-11-19,SKK03,1435.72
2026-11-19,SKK04,2803.5
2026-11-19,SKK05,1837.63
2026-11-20,SKK01,2280.34
2026-11-20,SKK02,3187.93
2026-11-20,SKK03,1458.02
2026-11-20,SKK04,2705.73
2026-11-20,SKK05,1796.71
2026-11-21,SKK01,2114.08
2026-11-21,SKK02,2994.13
2026-11-21,SKK03,1363.77
2026-11-21,SKK04,2610.62
2026-11-21,SKK05,1727.37
2026-11-22,SKK01,2194.35
2026-11-22,SKK02,3105.45
2026-11-22,SKK03,1408.08
2026-11-22,SKK04,2667.97
2026-11-22,SKK05,1744.72
2026-11-23,SKK01,2269.88
2026-11-23,SKK02,3125.65
2026-11-23,SKK03,1451.66
2026-11-23,SKK04,2735.21
2026-11-23,SKK05,1821.87
2026-11-24,SKK01,2323.73
2026-11-24,SKK02,3141.47
2026-11-24,SKK03,1445.13
2026-11-24,SKK04,2738.93
2026-11-24,SKK05,1833.91
2026-11-25,SKK01,2257.76
2026-11-25,SKK02,3206.83
2026-11-25,SKK03,1472.65
2026-11-25,SKK04,2717.55
2026-11-25,SKK05,1803.12
2026-11-26,SKK01,2198.94
2026-11-26,SKK02,3202.53
2026-11-26,SKK03,1442.66
2026-11-26,SKK04,2762.61
2026-11-26,SKK05,1812.55
2026-11-27,SKK01,2321.91
2026-11-27,SKK02,3121.96
2026-11-27,SKK03,1472.38
2026-11-27,SKK04,2704.21
2026-11-27,SKK05,1875.28
2026-11-28,SKK01,2182.92
2026-11-28,SKK02,3039.5
2026-11-28,SKK03,1424.6
2026-11-28,SKK04,2609.32
2026-11-28,SKK05,1742.31
2026-11-29,SKK01,2172.74
2026-11-29,SKK02,3071.75
2026-11-29,SKK03,1359.22
2026-11-29,SKK04,2622.14
2026-11-29,SKK05,1771.71
2026-11-30,SKK01,2304.48
2026-11-30,SKK02,3172.91
2026-11-30,SKK03,1482.12
2026-11-30,SKK04,2745.77
2026-11-30,SKK05,1836.93
2026-12-01,SKK01,2430.09
2026-12-01,SKK02,3386.99
2026-12-01,SKK03,1558.53
2026-12-01,SKK04,2877.46
2026-12-01,SKK05,1943.39
2026-12-02,SKK01,2448.95
2026-12-02,SKK02,3420.29
2026-12-02,SKK03,1544.43
2026-12-02,SKK04,2876.71
2026-12-02,SKK05,1956.62
2026-12-03,SKK01,2454.82
2026-12-03,SKK02,3390.78
2026-12-03,SKK03,1514.2
2026-12-03,SKK04,2873.49
2026-12-03,SKK05,1931.85
2026-12-04,SKK01,2438.11
2026-12-04,SKK02,3462.55
2026-12-04,SKK03,1586.09
2026-12-04,SKK04,2979.24
2026-12-04,SKK05,1958.89
2026-12-05,SKK01,2337.46
2026-12-05,SKK02,3297.24
2026-12-05,SKK03,1488.12
2026-12-05,SKK04,2857.35
2026-12-05,SKK05,1863.59
2026-12-06,SKK01,2343.26
2026-12-06,SKK02,3281.11
2026-12-06,SKK03,1480.89
2026-12-06,SKK04,2783.21
2026-12-06,SKK05,1868.93
2026-12-07,SKK01,2399.92
2026-12-07,SKK02,3355.18
2026-12-07,SKK03,1516.91
2026-12-07,SKK04,2962.94
2026-12-07,SKK05,1914.37
2026-12-08,SKK01,2444.61
2026-12-08,SKK02,3364.73
2026-12-08,SKK03,1564.24
2026-12-08,SKK04,2912.04
2026-12-08,SKK05,1924.33
2026-12-09,SKK01,2390.98
2026-12-09,SKK02,3394.65
2026-12-09,SKK03,1512.37
2026-12-09,SKK04,2874.94
2026-12-09,SKK05,1923.13
2026-12-10,SKK01,2431.87
2026-12-10,SKK02,3367.76
2026-12-10,SKK03,1569.17
2026-12-10,SKK04,2993.82
2026-12-10,SKK05,1921.57
2026-12-11,SKK01,2428.86
2026-12-11,SKK02,3418.44
2026-12-11,SKK03,1535.81
2026-12-11,SKK04,2904.76
2026-12-11,SKK05,1909.75
2026-12-12,SKK01,2363.7
2026-12-12,SKK02,3228.43
2026-12-12,SKK03,1414.56
2026-12-12,SKK04,2820.12
2026-12-12,SKK05,1877.5
2026-12-13,SKK01,2364.72
2026-12-13,SKK02,3291.19
2026-12-13,SKK03,1519.22
2026-12-13,SKK04,2854.34
2026-12-13,SKK05,1868.84
2026-12-14,SKK01,2401.13
2026-12-14,SKK02,3398.37
2026-12-14,SKK03,1524.09
2026-12-14,SKK04,2884.32
2026-12-14,SKK05,1921.0
2026-12-15,SKK01,2420.12
2026-12-15,SKK02,3397.76
2026-12-15,SKK03,1511.38
2026-12-15,SKK04,2864.71
2026-12-15,SKK05,1972.44
2026-12-16,SKK01,2486.85
2026-12-16,SKK02,3380.07
2026-12-16,SKK03,1518.59
2026-12-16,SKK04,2882.94
2026-12-16,SKK05,1907.14
2026-12-17,SKK01,2360.97
2026-12-17,SKK02,3382.18
2026-12-17,SKK03,1478.57
2026-12-17,SKK04,2928.55
2026-12-17,SKK05,1948.82
2026-12-18,SKK01,2431.7
2026-12-18,SKK02,3351.08
2026-12-18,SKK03,1569.07
2026-12-18,SKK04,2953.17
2026-12-18,SKK05,1905.19
2026-12-19,SKK01,2357.7
2026-12-19,SKK02,3263.09
2026-12-19,SKK03,1453.58
2026-12-19,SKK04,2864.36
2026-12-19,SKK05,1851.17
2026-12-20,SKK01,2360.97
2026-12-20,SKK02,3235.88
2026-12-20,SKK03,1476.6
2026-12-20,SKK04,2770.35
2026-12-20,SKK05,1862.85
2026-12-21,SKK01,2344.4
2026-12-21,SKK02,3361.07
2026-12-21,SKK03,1553.25
2026-12-21,SKK04,2925.25
2026-12-21,SKK05,1900.67
2026-12-22,SKK01,2412.46
2026-12-22,SKK02,3386.4
2026-12-22,SKK03,1540.14
2026-12-22,SKK04,2918.24
2026-12-22,SKK05,1952.41
2026-12-23,SKK01,2345.31
2026-12-23,SKK02,3384.72
2026-12-23,SKK03,1555.74
2026-12-23,SKK04,2841.58
2026-12-23,SKK05,1898.34
2026-12-24,SKK01,2434.32
2026-12-24,SKK02,3406.79
2026-12-24,SKK03,1533.39
2026-12-24,SKK04,2912.89
2026-12-24,SKK05,1955.15
2026-12-25,SKK01,2479.81
2026-12-25,SKK02,3427.2
2026-12-25,SKK03,1601.17
2026-12-25,SKK04,2932.58
2026-12-25,SKK05,1967.36
2026-12-26,SKK01,2318.44
2026-12-26,SKK02,3312.75
2026-12-26,SKK03,1459.81
2026-12-26,SKK04,2849.15
2026-12-26,SKK05,1914.9
2026-12-27,SKK01,2362.28
2026-12-27,SKK02,3294.57
2026-12-27,SKK03,1485.86
2026-12-27,SKK04,2835.93
2026-12-27,SKK05,1865.06
2026-12-28,SKK01,2391.98
2026-12-28,SKK02,3358.79
2026-12-28,SKK03,1510.33
2026-12-28,SKK04,2949.36
2026-12-28,SKK05,1948.09
2026-12-29,SKK01,2441.64
2026-12-29,SKK02,3389.12
2026-12-29,SKK03,1509.65
2026-12-29,SKK04,2885.18
2026-12-29,SKK05,1918.53
2026-12-30,SKK01,2409.51
2026-12-30,SKK02,3346.78
2026-12-30,SKK03,1534.81
2026-12-30,SKK04,2906.77
2026-12-30,SKK05,1897.79
2026-12-31,SKK01,2455.36
2026-12-31,SKK02,3420.91
2026-12-31,SKK03,1539.95
2026-12-31,SKK04,2868.47
2026-12-31,SKK05,1969.1
