period_start,gross_revenue,cost_of_goods_sold,operating_expenses,ebitda,active_subscribers
2023-10-01,940868.99,393896.17,276177.35,270795.47,11681
2023-11-01,1116548.82,460690.66,333950.76,321907.4,12994
2023-12-01,1186621.56,490778.15,350265.96,345577.45,13173
2024-01-01,1229679.05,535789.8,364024.51,329864.74,14732
2024-02-01,1356008.19,573958.68,419405.57,362643.94,15269
2024-03-01,1292754.59,525935.64,388056.7,378762.25,15444
2024-04-01,1168439.63,496252.52,351477.58,320709.53,15885
2024-05-01,1180610.53,493909.66,348789.63,337911.24,16523
2024-06-01,1199387.94,503788.95,369236.74,326362.25,17827
2024-07-01,1110676.51,474683.02,331502.32,304491.17,18252
2024-08-01,1220616.69,524491.28,362018.1,334107.31,19235
2024-09-01,1311951.24,542431.39,380939.37,388580.48,20313
2024-10-01,1372784.05,576271.88,411346.4,385165.77,20117
2024-11-01,1540458.17,641531.32,457720.99,441205.86,20674
2024-12-01,1655928.96,701458.79,510255.33,444214.84,21797
2025-01-01,1724520.8,721975.69,532107.43,470437.68,22778
2025-02-01,1677697.81,704925.59,493427.1,479345.12,22848
2025-03-01,1753861.92,733919.24,517181.35,502761.33,23836
2025-04-01,1554058.12,651643.22,464006.88,438408.02,24933
2025-05-01,1598337.15,688348.11,472972.84,437016.2,24728
2025-06-01,1516318.06,660761.25,456634.75,398922.06,25984
2025-07-01,1583591.17,668879.21,472464.36,442247.6,26447
2025-08-01,1617046.84,678159.98,487358.31,451528.55,27342
2025-09-01,1742740.71,715994.73,530950.96,495795.02,28213
